,Season,Competition,Matchday,Date,Venue,Club,Opponent,Result,Playing Position,Minutes,Score At,Type,Goal assist
0,02_03,Liga Portugal,6,2002-10-07,Home,Sporting CP,Moreirense FC,3:0,LW,34,02:00,Solo run,
1,02_03,Liga Portugal,6,2002-10-07,Home,Sporting CP,Moreirense FC,3:0,LW,90+5,03:00,Header,Rui Jorge
2,02_03,Liga Portugal,8,2002-10-26,Away,Sporting CP,Boavista FC,1:2,LW,88,01:02,Right-footed shot,Carlos Martins
3,02_03,Taca de Portugal Placard,Fourth Round,2002-11-24,Home,Sporting CP,CD Estarreja,4:1,LW,67,03:00,Left-footed shot,Cesar Prates
4,02_03,Taca de Portugal Placard,Fifth Round,2002-12-18,Home,Sporting CP,FC Oliveira do Hospital,8:1,LW,13,03:00,,
5,03_04,Premier League,11,2003-11-01,Home,Man.United,Portsmouth FC,3:0,RW,80,02:00,Direct free kick,
6,03_04,FA Cup,Fifth Round,2004-02-14,Home,Man.United,Manchester City,4:2,RW,74,03:00,Right-footed shot,
7,03_04,Premier League,29,2004-03-20,Home,Man.United,Tottenham Hotspur,3:0,RW,89,02:00,Right-footed shot,
8,03_04,Premier League,32,2004-04-10,Away,Man.United,Birmingham City,1:2,RW,60,01:01,Header,Ryan Giggs
9,03_04,Premier League,38,2004-05-15,Away,Man.United,Aston Villa,0:2,RW,4,00:01,Right-footed shot,
10,03_04,FA Cup,Final,2004-05-22,Home,Man.United,Millwall FC,3:0,RW,44,01:00,Header,Gary Neville
11,04_05,Premier League,16,2004-12-04,Home,Man.United,Southampton FC,3:0,RW,87,03:00,Right-footed shot,Gary Neville
12,04_05,FA Cup,Third Round,2005-01-19,Away,Man.United,Exeter City,0:2,RW,9,00:01,,Paul Scholes
13,04_05,Premier League,24,2005-01-22,Home,Man.United,Aston Villa,3:1,RW,8,01:00,Right-footed shot,Louis Saha
14,04_05,Premier League,25,2005-02-01,Away,Man.United,Arsenal FC,2:4,RW,54,02:02,Left-footed shot,Ryan Giggs
15,04_05,Premier League,25,2005-02-01,Away,Man.United,Arsenal FC,2:4,RW,58,02:03,Tap-in,Ryan Giggs
16,04_05,FA Cup,Fifth Round,2005-02-19,Away,Man.United,Everton FC,0:2,RW,58,00:02,Tap-in,Paul Scholes
17,04_05,FA Cup,Sixth Round,2005-03-12,Away,Man.United,Southampton FC,0:4,RW,45+1,00:02,Left-footed shot,Ruud van Nistelrooy
18,04_05,Premier League,30,2005-03-19,Home,Man.United,Fulham FC,1:0,RW,21,01:00,Right-footed shot,Roy Keane
19,04_05,FA Cup,Semi-Finals,2005-04-17,Away,Man.United,Newcastle United,1:4,RW,76,01:04,Right-footed shot,Ruud van Nistelrooy
20,05_06,UEFA Champions League Qualifying,3rd round,2005-08-09,Home,Man.United,Debreceni VSC,3:0,RW,63,03:00,Right-footed shot,Paul Scholes
21,05_06,Premier League,11,2005-10-29,Away,Man.United,Middlesbrough FC,4:1,RW,90,04:01,Header,Paul Scholes
22,05_06,EFL Cup,Round of 16,2005-11-30,Home,Man.United,West Bromwich Albion,3:1,RW,12,01:01,Penalty,
23,05_06,Premier League,20,2005-12-31,Home,Man.United,Bolton Wanderers,4:1,RW,68,03:01,Right-footed shot,Wayne Rooney
24,05_06,Premier League,20,2005-12-31,Home,Man.United,Bolton Wanderers,4:1,RW,90,04:01,Left-footed shot,Ruud van Nistelrooy
25,05_06,Premier League,25,2006-02-04,Home,Man.United,Fulham FC,4:2,RW,14,02:00,Direct free kick,
26,05_06,Premier League,25,2006-02-04,Home,Man.United,Fulham FC,4:2,RW,87,04:02,Right-footed shot,
27,05_06,Premier League,26,2006-02-11,Away,Man.United,Portsmouth FC,1:3,RW,38,00:02,Left-footed shot,
28,05_06,Premier League,26,2006-02-11,Away,Man.United,Portsmouth FC,1:3,RW,45,00:03,Right-footed shot,Wayne Rooney
29,05_06,EFL Cup,Final,2006-02-26,Home,Man.United,Wigan Athletic,4:0,RW,59,03:00,,Louis Saha
30,05_06,Premier League,28,2006-03-06,Away,Man.United,Wigan Athletic,1:2,RW,74,01:01,Right-footed shot,Ruud van Nistelrooy
31,05_06,Premier League,38,2006-05-07,Home,Man.United,Charlton Athletic,4:0,RW,23,02:00,Left-footed shot,Ryan Giggs
32,06_07,Premier League,1,2006-08-20,Home,Man.United,Fulham FC,5:1,RW,19,04:00,,Wayne Rooney
33,06_07,Premier League,6,2006-09-23,Away,Man.United,Reading FC,1:1,CF,73,01:01,,John OShea
34,06_07,Premier League,10,2006-10-28,Away,Man.United,Bolton Wanderers,0:4,RW,82,00:03,,Louis Saha
35,06_07,Premier League,11,2006-11-04,Home,Man.United,Portsmouth FC,3:0,RW,10,02:00,Direct free kick,
36,06_07,Premier League,15,2006-11-29,Home,Man.United,Everton FC,3:0,RW,39,01:00,,
37,06_07,Premier League,17,2006-12-09,Home,Man.United,Manchester City,3:1,RW,84,03:01,,
38,06_07,Premier League,19,2006-12-23,Away,Man.United,Aston Villa,0:3,RW,58,00:01,,
39,06_07,Premier League,19,2006-12-23,Away,Man.United,Aston Villa,0:3,RW,85,00:03,,Gary Neville
40,06_07,Premier League,20,2006-12-26,Home,Man.United,Wigan Athletic,3:1,RW,47,01:00,,Paul Scholes
41,06_07,Premier League,20,2006-12-26,Home,Man.United,Wigan Athletic,3:1,RW,50,02:00,Penalty rebound,Ji-sung Park
42,06_07,Premier League,21,2006-12-30,Home,Man.United,Reading FC,3:2,RW,58,02:01,,Ole Gunnar Solskjaer
43,06_07,Premier League,21,2006-12-30,Home,Man.United,Reading FC,3:2,RW,77,03:01,,Ryan Giggs
44,06_07,Premier League,23,2007-01-13,Home,Man.United,Aston Villa,3:1,RW,34,03:00,Header,Michael Carrick
45,06_07,Premier League,25,2007-01-31,Home,Man.United,Watford FC,4:0,RW,12,01:00,Penalty,
46,06_07,Premier League,26,2007-02-03,Away,Man.United,Tottenham Hotspur,0:4,RW,45,00:01,Penalty,
47,06_07,Premier League,28,2007-02-24,Away,Man.United,Fulham FC,1:2,RW,88,01:02,Solo run,
48,06_07,FA Cup,Sixth Round,2007-03-10,Away,Man.United,Middlesbrough FC,2:2,RW,68,02:02,Penalty,
49,06_07,FA Cup,6th round,2007-03-19,Home,Man.United,Middlesbrough FC,1:0,RW,76,01:00,Penalty,
50,06_07,UEFA Champions League,Quarter-Finals,2007-04-10,Home,Man.United,AS Roma,7:1,RW,44,04:00,Right-footed shot,Ryan Giggs
51,06_07,UEFA Champions League,Quarter-Finals,2007-04-10,Home,Man.United,AS Roma,7:1,RW,49,05:00,Right-footed shot,Ryan Giggs
52,06_07,FA Cup,Semi-Finals,2007-04-14,Away,Man.United,Watford FC,1:4,RW,28,01:02,Right-footed shot,Wayne Rooney
53,06_07,UEFA Champions League,Semi-Finals,2007-04-24,Home,Man.United,AC Milan,3:2,RW,5,01:00,Header,Ryan Giggs
54,06_07,Premier League,37,2007-05-05,Away,Man.United,Manchester City,0:1,RW,34,00:01,Penalty,
55,07_08,UEFA Champions League,Group Stage,2007-09-19,Away,Man.United,Sporting CP,0:1,RW,62,00:01,Header,Wes Brown
56,07_08,Premier League,8,2007-09-29,Away,Man.United,Birmingham City,0:1,RW,51,00:01,,
57,07_08,Premier League,9,2007-10-06,Home,Man.United,Wigan Athletic,4:0,RW,59,02:00,Header,Ryan Giggs
58,07_08,Premier League,9,2007-10-06,Home,Man.United,Wigan Athletic,4:0,RW,76,03:00,Right-footed shot,Wayne Rooney
59,07_08,UEFA Champions League,Group Stage,2007-10-23,Away,Man.United,Dynamo Kyiv,2:4,RW,41,01:03,Penalty,
60,07_08,UEFA Champions League,Group Stage,2007-10-23,Away,Man.United,Dynamo Kyiv,2:4,RW,68,01:04,Header,Ryan Giggs
61,07_08,Premier League,12,2007-11-03,Away,Man.United,Arsenal FC,2:2,RW,82,01:02,,Patrice Evra
62,07_08,UEFA Champions League,Group Stage,2007-11-07,Home,Man.United,Dynamo Kyiv,4:0,RW,88,04:00,Right-footed shot,Patrice Evra
63,07_08,Premier League,13,2007-11-11,Home,Man.United,Blackburn Rovers,2:0,RW,34,01:00,Header,Ryan Giggs
64,07_08,Premier League,13,2007-11-11,Home,Man.United,Blackburn Rovers,2:0,RW,35,02:00,Right-footed shot,Carlos Tevez
65,07_08,UEFA Champions League,Group Stage,2007-11-27,Home,Man.United,Sporting CP,2:1,RW,90+3,02:01,Direct free kick,
66,07_08,Premier League,15,2007-12-03,Home,Man.United,Fulham FC,2:0,RW,10,01:00,Right-footed shot,Nemanja Vidić
67,07_08,Premier League,15,2007-12-03,Home,Man.United,Fulham FC,2:0,RW,58,02:00,Header,John OShea
68,07_08,Premier League,16,2007-12-08,Home,Man.United,Derby County,4:1,RW,90,04:01,Penalty,
69,07_08,Premier League,18,2007-12-23,Home,Man.United,Everton FC,2:1,RW,22,01:00,Left-footed shot,Carlos Tevez
70,07_08,Premier League,18,2007-12-23,Home,Man.United,Everton FC,2:1,RW,87,02:01,Penalty,
71,07_08,Premier League,19,2007-12-26,Away,Man.United,Sunderland AFC,0:4,RW,45,00:03,Direct free kick,
72,07_08,Premier League,20,2007-12-29,Away,Man.United,West Ham United,2:1,RW,14,00:01,Header,Ryan Giggs
73,07_08,FA Cup,Third Round,2008-01-05,Away,Man.United,Aston Villa,0:2,RW,81,00:01,Left-footed shot,Ryan Giggs
74,07_08,Premier League,22,2008-01-12,Home,Man.United,Newcastle United,6:0,RW,48,01:00,Direct free kick,
75,07_08,Premier League,22,2008-01-12,Home,Man.United,Newcastle United,6:0,RW,70,03:00,Right-footed shot,Carlos Tevez
76,07_08,Premier League,22,2008-01-12,Home,Man.United,Newcastle United,6:0,RW,88,05:00,Left-footed shot,
77,07_08,Premier League,23,2008-01-19,Away,Man.United,Reading FC,0:2,RW,90+2,00:02,Right-footed shot,
78,07_08,FA Cup,Fourth Round,2008-01-27,Home,Man.United,Tottenham Hotspur,3:1,RW,69,02:01,Penalty,
79,07_08,FA Cup,Fourth Round,2008-01-27,Home,Man.United,Tottenham Hotspur,3:1,RW,88,03:01,Right-footed shot,Ryan Giggs
80,07_08,Premier League,24,2008-01-30,Home,Man.United,Portsmouth FC,2:0,RW,10,01:00,Right-footed shot,Nani
81,07_08,Premier League,24,2008-01-30,Home,Man.United,Portsmouth FC,2:0,RW,12,02:00,Direct free kick,
82,07_08,Premier League,27,2008-02-23,Away,Man.United,Newcastle United,1:5,RW,45,00:02,Right-footed shot,Michael Carrick
83,07_08,Premier League,27,2008-02-23,Away,Man.United,Newcastle United,1:5,RW,56,00:03,Right-footed shot,
84,07_08,UEFA Champions League,last 16,2008-03-04,Home,Man.United,Olympique Lyon,1:0,RW,41,01:00,Left-footed shot,
85,07_08,Premier League,29,2008-03-15,Away,Man.United,Derby County,0:1,RW,76,00:01,Right-footed shot,Wayne Rooney
86,07_08,Premier League,30,2008-03-19,Home,Man.United,Bolton Wanderers,2:0,RW,8,01:00,Right-footed shot,
87,07_08,Premier League,30,2008-03-19,Home,Man.United,Bolton Wanderers,2:0,RW,19,02:00,Direct free kick,
88,07_08,Premier League,31,2008-03-23,Home,Man.United,Liverpool FC,3:0,RW,79,02:00,Header,Nani
89,07_08,Premier League,32,2008-03-29,Home,Man.United,Aston Villa,4:0,RW,16,01:00,Right-footed shot,
90,07_08,UEFA Champions League,Quarter-Finals,2008-04-01,Away,Man.United,AS Roma,0:2,RW,39,00:01,Header,Paul Scholes
91,07_08,Premier League,33,2008-04-06,Away,Man.United,Middlesbrough FC,2:2,RW,9,00:01,Left-footed shot,Michael Carrick
92,07_08,Premier League,34,2008-04-13,Home,Man.United,Arsenal FC,2:1,RW,53,01:01,Penalty,
93,07_08,Premier League,37,2008-05-03,Home,Man.United,West Ham United,4:1,RW,3,01:00,Right-footed shot,Edwin van der Sar
94,07_08,Premier League,37,2008-05-03,Home,Man.United,West Ham United,4:1,RW,24,02:00,Right-footed shot,Owen Hargreaves
95,07_08,Premier League,38,2008-05-11,Away,Man.United,Wigan Athletic,0:2,RW,32,00:01,Penalty,
96,07_08,UEFA Champions League,Final,2008-05-21,Home,Man.United,Chelsea FC,6:5 on pens,LW,26,01:00,Header,Wes Brown
97,08_09,EFL Cup,Third Round,2008-09-23,Home,Man.United,Middlesbrough FC,3:1,RW,25,01:00,Header,Ryan Giggs
98,08_09,Premier League,6,2008-09-27,Home,Man.United,Bolton Wanderers,2:0,RW,59,01:00,Penalty,
99,08_09,Premier League,8,2008-10-18,Home,Man.United,West Bromwich Albion,4:0,RW,69,02:00,Left-footed shot,Wayne Rooney
100,08_09,Premier League,10,2008-10-29,Home,Man.United,West Ham United,2:0,RW,14,01:00,Left-footed shot,Nani
101,08_09,Premier League,10,2008-10-29,Home,Man.United,West Ham United,2:0,RW,30,02:00,Right-footed shot,Dimitar Berbatov
102,08_09,Premier League,11,2008-11-01,Home,Man.United,Hull City,4:3,RW,3,01:00,Left-footed shot,Dimitar Berbatov
103,08_09,Premier League,11,2008-11-01,Home,Man.United,Hull City,4:3,RW,43,03:01,Header,Nani
104,08_09,Premier League,13,2008-11-15,Home,Man.United,Stoke City,5:0,RW,3,01:00,Direct free kick,
105,08_09,Premier League,13,2008-11-15,Home,Man.United,Stoke City,5:0,RW,88,05:00,Direct free kick,
106,08_09,FIFA Club World Cup,Semi-Finals,2008-12-18,Away,Man.United,Gamba Osaka,3:5,LW,45+1,00:02,Header,Ryan Giggs
107,08_09,EFL Cup,Semi-Finals,2009-01-20,Home,Man.United,Derby County,4:2,RW,89,04:01,Penalty,
108,08_09,Premier League,23,2009-01-27,Away,Man.United,West Bromwich Albion,0:5,LW,65,00:04,Right-footed shot,Ryan Giggs
109,08_09,Premier League,23,2009-01-27,Away,Man.United,West Bromwich Albion,0:5,LW,73,00:05,Right-footed shot,Dimitar Berbatov
110,08_09,Premier League,24,2009-01-31,Home,Man.United,Everton FC,1:0,LW,43,01:00,Penalty,
111,08_09,FA Cup,Fifth Round,2009-02-15,Away,Man.United,Derby County,1:4,CF,68,01:03,Header,Ryan Giggs
112,08_09,Premier League,26,2009-02-21,Home,Man.United,Blackburn Rovers,2:1,RW,60,02:01,Direct free kick,
113,08_09,UEFA Champions League,last 16,2009-03-11,Home,Man.United,FC Internazionale,2:0,RW,49,02:00,Header,Wayne Rooney
114,08_09,Premier League,29,2009-03-14,Home,Man.United,Liverpool FC,1:4,RW,22,01:00,Penalty,
115,08_09,Premier League,31,2009-04-05,Home,Man.United,Aston Villa,3:2,RW,11,01:00,Direct free kick,
116,08_09,Premier League,31,2009-04-05,Home,Man.United,Aston Villa,3:2,RW,80,02:02,Left-footed shot,Michael Carrick
117,08_09,UEFA Champions League,Quarter-Finals,2009-04-15,Away,Man.United,FC Porto,0:1,RW,6,00:01,Long distance kick,Anderson
118,08_09,Premier League,34,2009-04-25,Home,Man.United,Tottenham Hotspur,5:2,RW,57,01:02,Penalty,
119,08_09,Premier League,34,2009-04-25,Home,Man.United,Tottenham Hotspur,5:2,RW,68,03:02,Header,Wayne Rooney
120,08_09,UEFA Champions League,Semi-Finals,2009-05-05,Away,Man.United,Arsenal FC,1:3,CF,11,00:02,Direct free kick,
121,08_09,UEFA Champions League,Semi-Finals,2009-05-05,Away,Man.United,Arsenal FC,1:3,CF,61,00:03,Right-footed shot,Wayne Rooney
122,08_09,Premier League,36,2009-05-10,Home,Man.United,Manchester City,2:0,RW,17,01:00,Direct free kick,
123,09_10,LaLiga,1,2009-08-29,Home,RM,Deportivo de La Coruña,3:2,RW,35,02:01,Penalty,
124,09_10,LaLiga,2,2009-09-12,Away,RM,RCD Espanyol Barcelona,0:3,CF,90,00:03,Right-footed shot,Guti
125,09_10,UEFA Champions League,Group Stage,2009-09-15,Away,RM,FC Zürich,2:5,CF,27,00:01,Direct free kick,
126,09_10,UEFA Champions League,Group Stage,2009-09-15,Away,RM,FC Zürich,2:5,CF,89,02:04,Direct free kick,
127,09_10,LaLiga,3,2009-09-20,Home,RM,Xerez CD,5:0,RW,1,01:00,Right-footed shot,
128,09_10,LaLiga,3,2009-09-20,Home,RM,Xerez CD,5:0,RW,75,02:00,Header,Esteban Granero
129,09_10,LaLiga,4,2009-09-23,Away,RM,Villarreal CF,0:2,CF,2,00:01,Right-footed shot,
130,09_10,UEFA Champions League,Group Stage,2009-09-30,Home,RM,Olympique Marseille,3:0,CF,58,01:00,Left-footed shot,Pepe
131,09_10,UEFA Champions League,Group Stage,2009-09-30,Home,RM,Olympique Marseille,3:0,CF,64,03:00,Right-footed shot,Karim Benzema
132,09_10,LaLiga,13,2009-12-05,Home,RM,UD Almeria,4:2,CF,84,04:02,Right-footed shot,Gonzalo Higuain
133,09_10,UEFA Champions League,Group Stage,2009-12-08,Away,RM,Olympique Marseille,1:3,CF,5,00:01,Direct free kick,
134,09_10,UEFA Champions League,Group Stage,2009-12-08,Away,RM,Olympique Marseille,1:3,CF,80,01:03,Right-footed shot,Lassana Diarra
135,09_10,LaLiga,15,2009-12-19,Home,RM,Real Zaragoza,6:0,CF,50,05:00,Left-footed shot,Ezequiel Garay
136,09_10,LaLiga,19,2010-01-24,Home,RM,Malaga CF,2:0,RW,35,01:00,Right-footed shot,Kaka
137,09_10,LaLiga,19,2010-01-24,Home,RM,Malaga CF,2:0,RW,39,02:00,Right-footed shot,Guti
138,09_10,LaLiga,22,2010-02-13,Away,RM,Xerez CD,0:3,CF,69,00:02,Header,Kaka
139,09_10,LaLiga,22,2010-02-13,Away,RM,Xerez CD,0:3,CF,71,00:03,Left-footed shot,Kaka
140,09_10,LaLiga,23,2010-02-21,Home,RM,Villarreal CF,6:2,CF,18,01:00,Direct free kick,
141,09_10,LaLiga,24,2010-02-27,Away,RM,CD Tenerife,1:5,CF,78,01:04,Penalty,
142,09_10,LaLiga,25,2010-03-06,Home,RM,Sevilla FC,3:2,CF,59,01:02,Left-footed shot,
143,09_10,UEFA Champions League,last 16,2010-03-10,Home,RM,Olympique Lyon,1:1,LW,6,01:00,Left-footed shot,Guti
144,09_10,LaLiga,26,2010-03-14,Away,RM,Real Valladolid CF,1:4,CF,29,00:01,Direct free kick,
145,09_10,LaLiga,28,2010-03-25,Away,RM,Getafe CF,2:4,CF,13,00:01,Direct free kick,
146,09_10,LaLiga,28,2010-03-25,Away,RM,Getafe CF,2:4,CF,36,00:04,Right-footed shot,
147,09_10,LaLiga,30,2010-04-04,Away,RM,Racing Santander,0:2,CF,23,00:01,Penalty,
148,09_10,LaLiga,32,2010-04-15,Away,RM,UD Almeria,1:2,CF,26,01:01,Left-footed shot,
149,09_10,LaLiga,33,2010-04-18,Home,RM,Valencia CF,2:0,CF,77,02:00,Right-footed shot,Marcelo
150,09_10,LaLiga,35,2010-05-02,Home,RM,CA Osasuna,3:2,CF,25,01:01,Right-footed shot,
151,09_10,LaLiga,35,2010-05-02,Home,RM,CA Osasuna,3:2,CF,89,03:02,Header,Gonzalo Higuain
152,09_10,LaLiga,36,2010-05-05,Away,RM,RCD Mallorca,1:4,CF,26,01:01,Right-footed shot,Sergio Ramos
153,09_10,LaLiga,36,2010-05-05,Away,RM,RCD Mallorca,1:4,CF,56,01:02,Right-footed shot,Sergio Ramos
154,09_10,LaLiga,36,2010-05-05,Away,RM,RCD Mallorca,1:4,CF,71,01:03,Right-footed shot,
155,09_10,LaLiga,37,2010-05-08,Home,RM,Athletic Bilbao,5:1,CF,21,01:00,Penalty,
156,10_11,LaLiga,4,2010-09-21,Home,RM,RCD Espanyol Barcelona,3:0,LW,28,01:00,Penalty,
157,10_11,LaLiga,6,2010-10-03,Home,RM,Deportivo de La Coruña,6:1,LW,4,01:00,Header,Mesut Ozil
158,10_11,LaLiga,6,2010-10-03,Home,RM,Deportivo de La Coruña,6:1,LW,89,06:01,Left-footed shot,Xabi Alonso
159,10_11,LaLiga,7,2010-10-16,Away,RM,Malaga CF,1:4,LW,45,00:02,Right-footed shot,Mesut Ozil
160,10_11,LaLiga,7,2010-10-16,Away,RM,Malaga CF,1:4,LW,50,00:03,Penalty,
161,10_11,UEFA Champions League,Group Stage,2010-10-19,Home,RM,AC Milan,2:0,LW,13,01:00,Direct free kick,
162,10_11,LaLiga,8,2010-10-23,Home,RM,Racing Santander,6:1,LW,15,02:00,Right-footed shot,Gonzalo Higuain
163,10_11,LaLiga,8,2010-10-23,Home,RM,Racing Santander,6:1,LW,26,03:00,Left-footed shot,Mesut Ozil
164,10_11,LaLiga,8,2010-10-23,Home,RM,Racing Santander,6:1,LW,47,04:00,Right-footed shot,Angel Di Maria
165,10_11,LaLiga,8,2010-10-23,Home,RM,Racing Santander,6:1,LW,55,05:00,Penalty,
166,10_11,LaLiga,9,2010-10-30,Away,RM,Hercules CF,1:3,LW,82,01:02,Right-footed shot,Karim Benzema
167,10_11,LaLiga,9,2010-10-30,Away,RM,Hercules CF,1:3,LW,86,01:03,Right-footed shot,Karim Benzema
168,10_11,Copa del Rey,4th round,2010-11-10,Home,RM,Real Murcia CF,5:1,LW,76,03:00,Left-footed shot,Angel Di Maria
169,10_11,LaLiga,12,2010-11-20,Home,RM,Athletic Bilbao,5:1,LW,30,02:00,Left-footed shot,Mesut Ozil
170,10_11,LaLiga,12,2010-11-20,Home,RM,Athletic Bilbao,5:1,LW,62,04:01,Direct free kick,
171,10_11,LaLiga,12,2010-11-20,Home,RM,Athletic Bilbao,5:1,LW,90+1,05:01,Penalty,
172,10_11,UEFA Champions League,Group Stage,2010-11-23,Away,RM,Ajax Amsterdam,0:4,LW,70,00:03,Left-footed shot,Angel Di Maria
173,10_11,UEFA Champions League,Group Stage,2010-11-23,Away,RM,Ajax Amsterdam,0:4,LW,81,00:04,Penalty,
174,10_11,LaLiga,14,2010-12-04,Home,RM,Valencia CF,2:0,LW,72,01:00,Left-footed shot,Mesut Ozil
175,10_11,LaLiga,14,2010-12-04,Home,RM,Valencia CF,2:0,LW,86,02:00,Right-footed shot,
176,10_11,UEFA Champions League,Group Stage,2010-12-08,Home,RM,AJ Auxerre,4:0,LW,49,02:00,Right-footed shot,Marcelo
177,10_11,LaLiga,15,2010-12-12,Away,RM,Real Zaragoza,1:3,LW,43,00:02,Direct free kick,
178,10_11,Copa del Rey,last 16,2010-12-22,Home,RM,Levante UD,8:0,LW,44,04:00,Right-footed shot,Karim Benzema
179,10_11,Copa del Rey,last 16,2010-12-22,Home,RM,Levante UD,8:0,LW,71,06:00,Right-footed shot,Angel Di Maria
180,10_11,Copa del Rey,last 16,2010-12-22,Home,RM,Levante UD,8:0,LW,73,07:00,Right-footed shot,Karim Benzema
181,10_11,LaLiga,17,2011-01-03,Away,RM,Getafe CF,2:3,LW,11,00:01,Penalty,
182,10_11,LaLiga,17,2011-01-03,Away,RM,Getafe CF,2:3,LW,57,01:03,Right-footed shot,Karim Benzema
183,10_11,LaLiga,18,2011-01-09,Home,RM,Villarreal CF,4:2,LW,10,01:01,Right-footed shot,Mesut Ozil
184,10_11,LaLiga,18,2011-01-09,Home,RM,Villarreal CF,4:2,LW,45,02:02,Header,Xabi Alonso
185,10_11,LaLiga,18,2011-01-09,Home,RM,Villarreal CF,4:2,LW,79,03:02,Left-footed shot,Kaka
186,10_11,Copa del Rey,Quarter-Finals,2011-01-13,Home,RM,Atletico de Madrid,3:1,LW,60,02:01,Right-footed shot,Mesut Ozil
187,10_11,Copa del Rey,Quarter-Finals,2011-01-20,Away,RM,Atletico de Madrid,0:1,CF,22,00:01,Right-footed shot,Sergio Ramos
188,10_11,LaLiga,22,2011-02-06,Home,RM,Real Sociedad,4:1,LW,20,02:00,Left-footed shot,Kaka
189,10_11,LaLiga,22,2011-02-06,Home,RM,Real Sociedad,4:1,LW,42,03:00,Header,Mesut Ozil
190,10_11,LaLiga,26,2011-03-03,Home,RM,Malaga CF,7:0,LW,50,04:00,Left-footed shot,Mesut Ozil
191,10_11,LaLiga,26,2011-03-03,Home,RM,Malaga CF,7:0,LW,67,06:00,Penalty,
192,10_11,LaLiga,26,2011-03-03,Home,RM,Malaga CF,7:0,LW,76,07:00,Right-footed shot,Sergio Canales
193,10_11,UEFA Champions League,Quarter-Finals,2011-04-05,Home,RM,Tottenham Hotspur,4:0,LW,87,04:00,Right-footed shot,Kaka
194,10_11,LaLiga,31,2011-04-09,Away,RM,Athletic Bilbao,0:3,CF,70,00:03,Right-footed shot,Esteban Granero
195,10_11,UEFA Champions League,Quarter-Finals,2011-04-13,Away,RM,Tottenham Hotspur,0:1,RW,50,00:01,Right-footed shot,Sami Khedira
196,10_11,LaLiga,32,2011-04-16,Home,RM,FC Barcelona,1:1,LW,82,01:01,Penalty,
197,10_11,Copa del Rey,Final,2011-04-20,Away,RM,FC Barcelona,0:1 AET,CF,103,00:01,Header,Angel Di Maria
198,10_11,LaLiga,35,2011-05-07,Away,RM,Sevilla FC,2:6,LW,30,00:02,Right-footed shot,Pepe
199,10_11,LaLiga,35,2011-05-07,Away,RM,Sevilla FC,2:6,LW,64,01:04,Right-footed shot,
200,10_11,LaLiga,35,2011-05-07,Away,RM,Sevilla FC,2:6,LW,70,01:05,Right-footed shot,Mesut Ozil
201,10_11,LaLiga,35,2011-05-07,Away,RM,Sevilla FC,2:6,LW,76,01:06,Right-footed shot,Karim Benzema
202,10_11,LaLiga,36,2011-05-10,Home,RM,Getafe CF,4:0,LW,23,01:00,Header,Mesut Ozil
203,10_11,LaLiga,36,2011-05-10,Home,RM,Getafe CF,4:0,LW,57,02:00,Left-footed shot,Mesut Ozil
204,10_11,LaLiga,36,2011-05-10,Home,RM,Getafe CF,4:0,LW,90+1,04:00,Penalty,
205,10_11,LaLiga,37,2011-05-15,Away,RM,Villarreal CF,1:3,CF,22,00:02,Direct free kick,
206,10_11,LaLiga,37,2011-05-15,Away,RM,Villarreal CF,1:3,CF,90,01:03,Direct free kick,
207,10_11,LaLiga,38,2011-05-21,Home,RM,UD Almeria,8:1,LW,4,01:00,Right-footed shot,Sergio Ramos
208,10_11,LaLiga,38,2011-05-21,Home,RM,UD Almeria,8:1,LW,76,07:01,Right-footed shot,Sergio Ramos
209,11_12,Supercopa,final,2011-08-17,Away,RM,FC Barcelona,3:2,LW,20,01:01,Right-footed shot,Karim Benzema
210,11_12,LaLiga,2,2011-08-28,Away,RM,Real Zaragoza,0:6,LW,23,00:01,Left-footed shot,Mesut Ozil
211,11_12,LaLiga,2,2011-08-28,Away,RM,Real Zaragoza,0:6,LW,70,00:04,Right-footed shot,Angel Di Maria
212,11_12,LaLiga,2,2011-08-28,Away,RM,Real Zaragoza,0:6,LW,86,00:06,Right-footed shot,Kaka
213,11_12,LaLiga,3,2011-09-10,Home,RM,Getafe CF,4:2,LW,59,02:01,Penalty,
214,11_12,LaLiga,6,2011-09-24,Home,RM,Rayo Vallecano,6:2,LW,39,01:01,Left-footed shot,Kaka
215,11_12,LaLiga,6,2011-09-24,Home,RM,Rayo Vallecano,6:2,LW,51,03:01,Penalty,
216,11_12,LaLiga,6,2011-09-24,Home,RM,Rayo Vallecano,6:2,LW,84,06:02,Penalty,
217,11_12,UEFA Champions League,Group Stage,2011-09-27,Home,RM,Ajax Amsterdam,3:0,LW,25,01:00,Right-footed shot,Karim Benzema
218,11_12,LaLiga,9,2011-10-22,Away,RM,Malaga CF,0:4,LW,24,00:02,Left-footed shot,Angel Di Maria
219,11_12,LaLiga,9,2011-10-22,Away,RM,Malaga CF,0:4,LW,28,00:03,Right-footed shot,Xabi Alonso
220,11_12,LaLiga,9,2011-10-22,Away,RM,Malaga CF,0:4,LW,38,00:04,Right-footed shot,Sergio Ramos
221,11_12,UEFA Champions League,Group Stage,2011-11-02,Away,RM,Olympique Lyon,0:2,LW,25,00:01,Direct free kick,
222,11_12,UEFA Champions League,Group Stage,2011-11-02,Away,RM,Olympique Lyon,0:2,LW,69,00:02,Penalty,
223,11_12,LaLiga,12,2011-11-06,Home,RM,CA Osasuna,7:1,LW,23,01:00,Header,Angel Di Maria
224,11_12,LaLiga,12,2011-11-06,Home,RM,CA Osasuna,7:1,LW,55,04:01,Penalty,
225,11_12,LaLiga,12,2011-11-06,Home,RM,CA Osasuna,7:1,LW,58,05:01,Header,alvaro Arbeloa
226,11_12,LaLiga,13,2011-11-19,Away,RM,Valencia CF,2:3,LW,79,01:03,Right-footed shot,Pepe
227,11_12,LaLiga,14,2011-11-26,Home,RM,Atletico de Madrid,4:1,LW,24,01:01,Penalty,
228,11_12,LaLiga,14,2011-11-26,Home,RM,Atletico de Madrid,4:1,LW,82,04:01,Penalty,
229,11_12,LaLiga,15,2011-12-03,Away,RM,Sporting de Gijón,0:3,LW,65,00:02,Right-footed shot,Angel Di Maria
230,11_12,Copa del Rey,4th round,2011-12-13,Away,RM,SD Ponferradina,0:2,LW,74,00:02,Left-footed shot,Gonzalo Higuain
231,11_12,LaLiga,17,2011-12-17,Away,RM,Sevilla FC,2:6,LW,10,00:01,Right-footed shot,Angel Di Maria
232,11_12,LaLiga,17,2011-12-17,Away,RM,Sevilla FC,2:6,LW,41,00:03,Right-footed shot,Karim Benzema
233,11_12,LaLiga,17,2011-12-17,Away,RM,Sevilla FC,2:6,LW,86,01:05,Penalty,
234,11_12,LaLiga,18,2012-01-07,Home,RM,Granada CF,5:1,LW,89,05:01,Right-footed shot,
235,11_12,Copa del Rey,Quarter-Finals,2012-01-18,Home,RM,FC Barcelona,1:2,LW,11,01:00,Left-footed shot,Karim Benzema
236,11_12,LaLiga,1,2012-01-22,Home,RM,Athletic Bilbao,4:1,LW,46,02:01,Penalty,
237,11_12,LaLiga,1,2012-01-22,Home,RM,Athletic Bilbao,4:1,LW,67,03:01,Penalty,
238,11_12,Copa del Rey,Quarter-Finals,2012-01-25,Away,RM,FC Barcelona,2:2,LW,68,02:01,Right-footed shot,Mesut Ozil
239,11_12,LaLiga,21,2012-01-28,Home,RM,Real Zaragoza,3:1,LW,48,02:01,Right-footed shot,Mesut Ozil
240,11_12,LaLiga,23,2012-02-12,Home,RM,Levante UD,4:2,LW,45,01:01,Penalty,
241,11_12,LaLiga,23,2012-02-12,Home,RM,Levante UD,4:2,LW,50,02:01,Header,Gonzalo Higuain
242,11_12,LaLiga,23,2012-02-12,Home,RM,Levante UD,4:2,LW,57,03:01,Right-footed shot,Fábio Coentrão
243,11_12,LaLiga,24,2012-02-18,Home,RM,Racing Santander,4:0,LW,6,01:00,Header,Kaka
244,11_12,UEFA Champions League,last 16,2012-02-21,Away,RM,CSKA Moscow,1:1,LW,28,00:01,Left-footed shot,Fábio Coentrão
245,11_12,LaLiga,25,2012-02-26,Away,RM,Rayo Vallecano,0:1,LW,53,00:01,Right-footed shot,
246,11_12,LaLiga,26,2012-03-04,Home,RM,RCD Espanyol Barcelona,5:0,LW,23,01:00,Left-footed shot,Gonzalo Higuain
247,11_12,LaLiga,27,2012-03-10,Away,RM,Real Betis Balompie,2:3,LW,52,01:02,Left-footed shot,Marcelo
248,11_12,LaLiga,27,2012-03-10,Away,RM,Real Betis Balompie,2:3,LW,73,02:03,Left-footed shot,
249,11_12,UEFA Champions League,last 16,2012-03-14,Home,RM,CSKA Moscow,4:1,LW,55,02:00,Right-footed shot,Sergio Ramos
250,11_12,UEFA Champions League,last 16,2012-03-14,Home,RM,CSKA Moscow,4:1,LW,90+4,04:01,Right-footed shot,Karim Benzema
251,11_12,LaLiga,29,2012-03-21,Away,RM,Villarreal CF,1:1,LW,61,00:01,Right-footed shot,Mesut Ozil
252,11_12,LaLiga,30,2012-03-24,Home,RM,Real Sociedad,5:1,LW,32,02:00,Right-footed shot,Kaka
253,11_12,LaLiga,30,2012-03-24,Home,RM,Real Sociedad,5:1,LW,55,05:01,Right-footed shot,Gonzalo Higuain
254,11_12,LaLiga,31,2012-03-31,Away,RM,CA Osasuna,1:5,LW,37,00:02,Long distance kick,Xabi Alonso
255,11_12,LaLiga,31,2012-03-31,Away,RM,CA Osasuna,1:5,LW,70,01:04,Direct free kick,
256,11_12,UEFA Champions League,Quarter-Finals,2012-04-04,Home,RM,APOEL Nicosia,5:2,LW,26,01:00,Right-footed shot,Marcelo
257,11_12,UEFA Champions League,Quarter-Finals,2012-04-04,Home,RM,APOEL Nicosia,5:2,LW,75,03:01,Direct free kick,
258,11_12,LaLiga,33,2012-04-11,Away,RM,Atletico de Madrid,1:4,LW,24,00:01,Direct free kick,
259,11_12,LaLiga,33,2012-04-11,Away,RM,Atletico de Madrid,1:4,LW,67,01:02,Long distance kick,
260,11_12,LaLiga,33,2012-04-11,Away,RM,Atletico de Madrid,1:4,LW,82,01:03,Penalty,
261,11_12,LaLiga,34,2012-04-14,Home,RM,Sporting de Gijón,3:1,LW,74,02:01,Header,Angel Di Maria
262,11_12,LaLiga,35,2012-04-21,Away,RM,FC Barcelona,1:2,LW,73,01:02,Right-footed shot,Mesut Ozil
263,11_12,UEFA Champions League,Semi-Finals,2012-04-25,Home,RM,Bayern Munich,3:4 on pens,LW,6,01:00,Penalty,
264,11_12,UEFA Champions League,Semi-Finals,2012-04-25,Home,RM,Bayern Munich,3:4 on pens,LW,14,02:00,Right-footed shot,Mesut Ozil
265,11_12,LaLiga,36,2012-04-29,Home,RM,Sevilla FC,3:0,LW,19,01:00,Right-footed shot,Karim Benzema
266,11_12,LaLiga,20,2012-05-02,Away,RM,Athletic Bilbao,0:3,LW,49,00:03,Header,Xabi Alonso
267,11_12,LaLiga,37,2012-05-05,Away,RM,Granada CF,1:2,LW,81,01:01,Penalty,
268,11_12,LaLiga,38,2012-05-13,Home,RM,RCD Mallorca,4:1,LW,18,01:00,Header,Marcelo
269,12_13,Supercopa,final,2012-08-23,Away,RM,FC Barcelona,3:2,LW,55,00:01,Header,Mesut Ozil
270,12_13,Supercopa,final,2012-08-29,Home,RM,FC Barcelona,2:1,LW,19,02:00,Right-footed shot,Sami Khedira
271,12_13,LaLiga,3,2012-09-02,Home,RM,Granada CF,3:0,LW,25,01:00,Right-footed shot,José Callejón
272,12_13,LaLiga,3,2012-09-02,Home,RM,Granada CF,3:0,LW,53,02:00,Left-footed shot,
273,12_13,UEFA Champions League,Group Stage,2012-09-18,Home,RM,Manchester City,3:2,LW,90,03:02,Right-footed shot,Marcelo
274,12_13,LaLiga,5,2012-09-24,Away,RM,Rayo Vallecano,0:2,LW,69,00:02,Penalty,
275,12_13,LaLiga,6,2012-09-30,Home,RM,Deportivo de La Coruña,5:1,LW,23,01:01,Penalty,
276,12_13,LaLiga,6,2012-09-30,Home,RM,Deportivo de La Coruña,5:1,LW,44,03:01,Header,Sergio Ramos
277,12_13,LaLiga,6,2012-09-30,Home,RM,Deportivo de La Coruña,5:1,LW,84,05:01,Penalty,
278,12_13,UEFA Champions League,Group Stage,2012-10-03,Away,RM,Ajax Amsterdam,1:4,LW,42,00:01,Right-footed shot,Karim Benzema
279,12_13,UEFA Champions League,Group Stage,2012-10-03,Away,RM,Ajax Amsterdam,1:4,LW,79,01:03,Right-footed shot,Karim Benzema
280,12_13,UEFA Champions League,Group Stage,2012-10-03,Away,RM,Ajax Amsterdam,1:4,LW,81,01:04,Left-footed shot,Sami Khedira
281,12_13,LaLiga,7,2012-10-07,Away,RM,FC Barcelona,2:2,LW,22,00:01,Left-footed shot,Karim Benzema
282,12_13,LaLiga,7,2012-10-07,Away,RM,FC Barcelona,2:2,LW,66,02:02,Right-footed shot,Mesut Ozil
283,12_13,LaLiga,8,2012-10-20,Home,RM,Celta de Vigo,2:0,LW,67,02:00,Penalty,
284,12_13,UEFA Champions League,Group Stage,2012-10-24,Away,RM,Borussia Dortmund,2:1,LW,38,01:01,Right-footed shot,Mesut Ozil
285,12_13,LaLiga,9,2012-10-28,Away,RM,RCD Mallorca,0:5,LW,22,00:02,Right-footed shot,Gonzalo Higuain
286,12_13,LaLiga,9,2012-10-28,Away,RM,RCD Mallorca,0:5,LW,73,00:04,Right-footed shot,Gonzalo Higuain
287,12_13,LaLiga,11,2012-11-11,Away,RM,Levante UD,1:2,CF,20,00:01,Right-footed shot,
288,12_13,LaLiga,14,2012-12-01,Home,RM,Atletico de Madrid,2:0,LW,16,01:00,Direct free kick,
289,12_13,UEFA Champions League,Group Stage,2012-12-04,Home,RM,Ajax Amsterdam,4:1,LW,13,01:00,Right-footed shot,Karim Benzema
290,12_13,Copa del Rey,last 16,2012-12-12,Away,RM,Celta de Vigo,2:1,LW,87,02:01,Left-footed shot,Xabi Alonso
291,12_13,LaLiga,16,2012-12-16,Home,RM,RCD Espanyol Barcelona,2:2,CF,45,01:01,Right-footed shot,Sami Khedira
292,12_13,LaLiga,18,2013-01-06,Home,RM,Real Sociedad,4:3,LW,67,03:02,Left-footed shot,Karim Benzema
293,12_13,LaLiga,18,2013-01-06,Home,RM,Real Sociedad,4:3,LW,70,04:02,Direct free kick,
294,12_13,Copa del Rey,last 16,2013-01-09,Home,RM,Celta de Vigo,4:0,LW,2,01:00,Right-footed shot,alvaro Arbeloa
295,12_13,Copa del Rey,last 16,2013-01-09,Home,RM,Celta de Vigo,4:0,LW,24,02:00,Left-footed shot,Luka Modric
296,12_13,Copa del Rey,last 16,2013-01-09,Home,RM,Celta de Vigo,4:0,LW,87,03:00,Left-footed shot,Gonzalo Higuain
297,12_13,LaLiga,20,2013-01-20,Away,RM,Valencia CF,0:5,LW,35,00:03,Left-footed shot,Fábio Coentrão
298,12_13,LaLiga,20,2013-01-20,Away,RM,Valencia CF,0:5,LW,41,00:04,Right-footed shot,Mesut Ozil
299,12_13,LaLiga,21,2013-01-27,Home,RM,Getafe CF,4:0,LW,62,02:00,Left-footed shot,Mesut Ozil
300,12_13,LaLiga,21,2013-01-27,Home,RM,Getafe CF,4:0,LW,65,03:00,Header,Angel Di Maria
301,12_13,LaLiga,21,2013-01-27,Home,RM,Getafe CF,4:0,LW,72,04:00,Penalty,
302,12_13,LaLiga,23,2013-02-09,Home,RM,Sevilla FC,4:1,LW,26,02:00,Left-footed shot,Kaka
303,12_13,LaLiga,23,2013-02-09,Home,RM,Sevilla FC,4:1,LW,46,03:00,Left-footed shot,alvaro Arbeloa
304,12_13,LaLiga,23,2013-02-09,Home,RM,Sevilla FC,4:1,LW,59,04:00,Right-footed shot,Gonzalo Higuain
305,12_13,UEFA Champions League,last 16,2013-02-13,Home,RM,Manchester United,1:1,LW,30,01:01,Header,Angel Di Maria
306,12_13,Copa del Rey,Semi-Finals,2013-02-26,Away,RM,FC Barcelona,1:3,LW,12,00:01,Penalty,
307,12_13,Copa del Rey,Semi-Finals,2013-02-26,Away,RM,FC Barcelona,1:3,LW,57,00:02,Left-footed shot,
308,12_13,UEFA Champions League,last 16,2013-03-05,Away,RM,Manchester United,1:2,LW,69,01:02,Right-footed shot,Gonzalo Higuain
309,12_13,LaLiga,27,2013-03-10,Away,RM,Celta de Vigo,1:2,LW,61,00:01,Left-footed shot,José Callejón
310,12_13,LaLiga,27,2013-03-10,Away,RM,Celta de Vigo,1:2,LW,71,01:02,Penalty,
311,12_13,LaLiga,28,2013-03-16,Home,RM,RCD Mallorca,5:2,LW,52,02:02,Header,Mesut Ozil
312,12_13,LaLiga,29,2013-03-30,Away,RM,Real Zaragoza,1:1,LW,38,01:01,Long distance kick,
313,12_13,UEFA Champions League,Quarter-Finals,2013-04-03,Home,RM,Galatasaray,3:0,LW,9,01:00,Left-footed shot,Mesut Ozil
314,12_13,LaLiga,30,2013-04-06,Home,RM,Levante UD,5:1,CF,84,03:01,Right-footed shot,Gonzalo Higuain
315,12_13,UEFA Champions League,Quarter-Finals,2013-04-09,Away,RM,Galatasaray,3:2,LW,8,00:01,Right-footed shot,Sami Khedira
316,12_13,UEFA Champions League,Quarter-Finals,2013-04-09,Away,RM,Galatasaray,3:2,LW,90+2,03:02,Right-footed shot,Karim Benzema
317,12_13,LaLiga,31,2013-04-14,Away,RM,Athletic Bilbao,0:3,LW,2,00:01,Direct free kick,
318,12_13,LaLiga,31,2013-04-14,Away,RM,Athletic Bilbao,0:3,LW,68,00:02,Header,Xabi Alonso
319,12_13,UEFA Champions League,Semi-Finals,2013-04-24,Away,RM,Borussia Dortmund,4:1,LW,43,01:01,Right-footed shot,Gonzalo Higuain
320,12_13,LaLiga,34,2013-05-04,Home,RM,Real Valladolid CF,4:3,LW,32,02:01,Header,Angel Di Maria
321,12_13,LaLiga,34,2013-05-04,Home,RM,Real Valladolid CF,4:3,LW,70,04:02,Header,Mesut Ozil
322,12_13,LaLiga,36,2013-05-08,Home,RM,Malaga CF,6:2,LW,26,02:01,Right-footed shot,Xabi Alonso
323,12_13,Copa del Rey,Final,2013-05-17,Away,RM,Atletico de Madrid,2:1 AET,LW,14,00:01,Header,Luka Modric
324,13_14,LaLiga,3,2013-09-01,Home,RM,Athletic Bilbao,3:1,LW,45,02:00,Header,Angel Di Maria
325,13_14,LaLiga,4,2013-09-14,Away,RM,Villarreal CF,2:2,LW,64,01:02,Right-footed shot,
326,13_14,UEFA Champions League,Group Stage,2013-09-17,Away,RM,Galatasaray,1:6,LW,63,00:03,Left-footed shot,Isco
327,13_14,UEFA Champions League,Group Stage,2013-09-17,Away,RM,Galatasaray,1:6,LW,66,00:04,Tap-in,Sergio Ramos
328,13_14,UEFA Champions League,Group Stage,2013-09-17,Away,RM,Galatasaray,1:6,LW,90,01:06,Left-footed shot,Karim Benzema
329,13_14,LaLiga,5,2013-09-22,Home,RM,Getafe CF,4:1,LW,34,02:01,Penalty,
330,13_14,LaLiga,5,2013-09-22,Home,RM,Getafe CF,4:1,LW,90,04:01,Right-footed shot,Sami Khedira
331,13_14,LaLiga,6,2013-09-25,Away,RM,Elche CF,1:2,LW,51,00:01,Direct free kick,
332,13_14,LaLiga,6,2013-09-25,Away,RM,Elche CF,1:2,LW,90+6,01:02,Penalty,
333,13_14,UEFA Champions League,Group Stage,2013-10-02,Home,RM,FC Copenhagen,4:0,LW,21,01:00,Header,Marcelo
334,13_14,UEFA Champions League,Group Stage,2013-10-02,Home,RM,FC Copenhagen,4:0,LW,65,02:00,Header,Angel Di Maria
335,13_14,LaLiga,8,2013-10-05,Away,RM,Levante UD,2:3,LW,90+4,02:03,Right-footed shot,Luka Modric
336,13_14,LaLiga,9,2013-10-19,Home,RM,Malaga CF,2:0,LW,90+1,02:00,Penalty,
337,13_14,UEFA Champions League,Group Stage,2013-10-23,Home,RM,Juventus FC,2:1,LW,4,01:00,Right-footed shot,Angel Di Maria
338,13_14,UEFA Champions League,Group Stage,2013-10-23,Home,RM,Juventus FC,2:1,LW,29,02:01,Penalty,
339,13_14,LaLiga,11,2013-10-30,Home,RM,Sevilla FC,7:3,LW,31,03:00,Penalty,
340,13_14,LaLiga,11,2013-10-30,Home,RM,Sevilla FC,7:3,LW,60,05:02,Right-footed shot,Gareth Bale
341,13_14,LaLiga,11,2013-10-30,Home,RM,Sevilla FC,7:3,LW,71,06:03,Right-footed shot,Karim Benzema
342,13_14,LaLiga,12,2013-11-02,Away,RM,Rayo Vallecano,2:3,LW,3,00:01,Right-footed shot,Luka Modric
343,13_14,LaLiga,12,2013-11-02,Away,RM,Rayo Vallecano,2:3,LW,48,00:03,Right-footed shot,Gareth Bale
344,13_14,UEFA Champions League,Group Stage,2013-11-05,Away,RM,Juventus FC,2:2,LW,52,01:01,Right-footed shot,Karim Benzema
345,13_14,LaLiga,13,2013-11-09,Home,RM,Real Sociedad,5:1,LW,12,01:00,Right-footed shot,Karim Benzema
346,13_14,LaLiga,13,2013-11-09,Home,RM,Real Sociedad,5:1,LW,27,03:00,Penalty,
347,13_14,LaLiga,13,2013-11-09,Home,RM,Real Sociedad,5:1,LW,76,05:01,Direct free kick,
348,13_14,LaLiga,14,2013-11-23,Away,RM,UD Almeria,0:5,LW,3,00:01,Left-footed shot,Isco
349,13_14,UEFA Champions League,Group Stage,2013-12-10,Away,RM,FC Copenhagen,0:2,LW,48,00:02,Right-footed shot,Pepe
350,13_14,LaLiga,17,2013-12-22,Away,RM,Valencia CF,2:3,LW,40,01:02,Header,Angel Di Maria
351,13_14,LaLiga,18,2014-01-06,Home,RM,Celta de Vigo,3:0,LW,82,02:00,Right-footed shot,Daniel Carvajal
352,13_14,LaLiga,18,2014-01-06,Home,RM,Celta de Vigo,3:0,LW,90,03:00,Right-footed shot,Gareth Bale
353,13_14,Copa del Rey,last 16,2014-01-15,Away,RM,CA Osasuna,0:2,LW,22,00:01,Direct free kick,
354,13_14,LaLiga,20,2014-01-18,Away,RM,Real Betis Balompie,0:5,LW,10,00:01,Right-footed shot,Angel Di Maria
355,13_14,LaLiga,21,2014-01-25,Home,RM,Granada CF,2:0,LW,57,01:00,Right-footed shot,Luka Modric
356,13_14,Copa del Rey,Semi-Finals,2014-02-11,Away,RM,Atletico de Madrid,0:2,LW,6,00:01,Penalty,
357,13_14,Copa del Rey,Semi-Finals,2014-02-11,Away,RM,Atletico de Madrid,0:2,LW,15,00:02,Penalty,
358,13_14,UEFA Champions League,last 16,2014-02-26,Away,RM,FC Schalke 04,1:6,LW,52,00:03,Left-footed shot,Gareth Bale
359,13_14,UEFA Champions League,last 16,2014-02-26,Away,RM,FC Schalke 04,1:6,LW,89,00:06,Right-footed shot,Karim Benzema
360,13_14,LaLiga,26,2014-03-02,Away,RM,Atletico de Madrid,2:2,LW,82,02:02,Right-footed shot,Gareth Bale
361,13_14,LaLiga,27,2014-03-09,Home,RM,Levante UD,3:0,LW,11,01:00,Header,Angel Di Maria
362,13_14,LaLiga,28,2014-03-15,Away,RM,Malaga CF,0:1,LW,23,00:01,Right-footed shot,Gareth Bale
363,13_14,UEFA Champions League,last 16,2014-03-18,Home,RM,FC Schalke 04,3:1,LW,22,01:00,Right-footed shot,Gareth Bale
364,13_14,UEFA Champions League,last 16,2014-03-18,Home,RM,FC Schalke 04,3:1,LW,74,02:01,Right-footed shot,
365,13_14,LaLiga,29,2014-03-23,Home,RM,FC Barcelona,3:4,LW,55,03:02,Penalty,
366,13_14,LaLiga,30,2014-03-26,Away,RM,Sevilla FC,2:1,LW,14,00:01,Direct free kick,
367,13_14,LaLiga,31,2014-03-29,Home,RM,Rayo Vallecano,5:0,LW,15,01:00,Right-footed shot,Gareth Bale
368,13_14,UEFA Champions League,Quarter-Finals,2014-04-02,Home,RM,Borussia Dortmund,3:0,LW,57,03:00,Left-footed shot,Luka Modric
369,13_14,LaLiga,35,2014-04-26,Home,RM,CA Osasuna,4:0,LW,6,01:00,Long distance kick,Angel Di Maria
370,13_14,LaLiga,35,2014-04-26,Home,RM,CA Osasuna,4:0,LW,52,02:00,Long distance kick,Isco
371,13_14,UEFA Champions League,Semi-Finals,2014-04-29,Away,RM,Bayern Munich,0:4,LW,34,00:03,Counter attack goal,Gareth Bale
372,13_14,UEFA Champions League,Semi-Finals,2014-04-29,Away,RM,Bayern Munich,0:4,LW,90,00:04,Direct free kick,
373,13_14,LaLiga,36,2014-05-04,Home,RM,Valencia CF,2:2,LW,90,02:02,Right-footed shot,Angel Di Maria
374,13_14,UEFA Champions League,Final,2014-05-24,Home,RM,Atletico de Madrid,4:1 AET,LW,120,04:01,Penalty,
375,14_15,UEFA Super Cup,Final,2014-08-12,Home,RM,Sevilla FC,2:0,LW,30,01:00,Right-footed shot,Gareth Bale
376,14_15,UEFA Super Cup,Final,2014-08-12,Home,RM,Sevilla FC,2:0,LW,49,02:00,Left-footed shot,Karim Benzema
377,14_15,LaLiga,1,2014-08-25,Home,RM,Córdoba CF,2:0,LW,90,02:00,Right-footed shot,Isco
378,14_15,LaLiga,3,2014-09-13,Home,RM,Atletico de Madrid,1:2,LW,25,01:01,Penalty,
379,14_15,UEFA Champions League,Group Stage,2014-09-16,Home,RM,FC Basel 1893,5:1,LW,31,03:00,Right-footed shot,Gareth Bale
380,14_15,LaLiga,4,2014-09-20,Away,RM,Deportivo de La Coruña,2:8,RW,29,00:01,Header,alvaro Arbeloa
381,14_15,LaLiga,4,2014-09-20,Away,RM,Deportivo de La Coruña,2:8,RW,41,00:03,Left-footed shot,Karim Benzema
382,14_15,LaLiga,4,2014-09-20,Away,RM,Deportivo de La Coruña,2:8,RW,78,01:06,Left-footed shot,James Rodriguez
383,14_15,LaLiga,5,2014-09-23,Home,RM,Elche CF,5:1,CF,28,02:01,Penalty,
384,14_15,LaLiga,5,2014-09-23,Home,RM,Elche CF,5:1,CF,32,03:01,Header,Marcelo
385,14_15,LaLiga,5,2014-09-23,Home,RM,Elche CF,5:1,CF,80,04:01,Penalty,
386,14_15,LaLiga,5,2014-09-23,Home,RM,Elche CF,5:1,CF,90,05:01,Right-footed shot,Gareth Bale
387,14_15,LaLiga,6,2014-09-27,Away,RM,Villarreal CF,0:2,CF,40,00:02,Right-footed shot,Karim Benzema
388,14_15,UEFA Champions League,Group Stage,2014-10-01,Away,RM,Ludogorets Razgrad,1:2,CF,25,01:01,Penalty,
389,14_15,LaLiga,7,2014-10-05,Home,RM,Athletic Bilbao,5:0,LW,3,01:00,Header,Gareth Bale
390,14_15,LaLiga,7,2014-10-05,Home,RM,Athletic Bilbao,5:0,LW,55,03:00,Right-footed shot,Gareth Bale
391,14_15,LaLiga,7,2014-10-05,Home,RM,Athletic Bilbao,5:0,LW,89,05:00,Deflected shot on goal,Pepe
392,14_15,LaLiga,8,2014-10-18,Away,RM,Levante UD,0:5,CF,13,00:01,Penalty,
393,14_15,LaLiga,8,2014-10-18,Away,RM,Levante UD,0:5,CF,61,00:03,Right-footed shot,Isco
394,14_15,UEFA Champions League,Group Stage,2014-10-22,Away,RM,Liverpool FC,0:3,CF,23,00:01,Right-footed shot,James Rodriguez
395,14_15,LaLiga,9,2014-10-25,Home,RM,FC Barcelona,3:1,CF,35,01:01,Penalty,
396,14_15,LaLiga,10,2014-11-01,Away,RM,Granada CF,0:4,CF,2,00:01,Right-footed shot,Karim Benzema
397,14_15,LaLiga,11,2014-11-08,Home,RM,Rayo Vallecano,5:1,CF,83,05:01,Right-footed shot,Isco
398,14_15,LaLiga,12,2014-11-22,Away,RM,SD Eibar,0:4,CF,43,00:02,Right-footed shot,Daniel Carvajal
399,14_15,LaLiga,12,2014-11-22,Away,RM,SD Eibar,0:4,CF,83,00:04,Penalty,
400,14_15,UEFA Champions League,Group Stage,2014-11-26,Away,RM,FC Basel 1893,0:1,LW,35,00:01,Left-footed shot,Karim Benzema
401,14_15,LaLiga,14,2014-12-06,Home,RM,Celta de Vigo,3:0,CF,36,01:00,Penalty,
402,14_15,LaLiga,14,2014-12-06,Home,RM,Celta de Vigo,3:0,CF,65,02:00,Right-footed shot,
403,14_15,LaLiga,14,2014-12-06,Home,RM,Celta de Vigo,3:0,CF,81,03:00,Left-footed shot,Marcelo
404,14_15,UEFA Champions League,Group Stage,2014-12-09,Home,RM,Ludogorets Razgrad,4:0,CF,20,01:00,Penalty,
405,14_15,LaLiga,15,2014-12-12,Away,RM,UD Almeria,1:4,CF,81,01:03,Right-footed shot,Karim Benzema
406,14_15,LaLiga,15,2014-12-12,Away,RM,UD Almeria,1:4,CF,89,01:04,Right-footed shot,Daniel Carvajal
407,14_15,LaLiga,17,2015-01-04,Away,RM,Valencia CF,2:1,LW,14,00:01,Penalty,
408,14_15,Copa del Rey,last 16,2015-01-15,Home,RM,Atletico de Madrid,2:2,CF,54,02:02,Header,Gareth Bale
409,14_15,LaLiga,19,2015-01-18,Away,RM,Getafe CF,0:3,LW,63,00:01,Left-footed shot,Karim Benzema
410,14_15,LaLiga,19,2015-01-18,Away,RM,Getafe CF,0:3,LW,79,00:03,Header,James Rodriguez
411,14_15,UEFA Champions League,last 16,2015-02-18,Away,RM,FC Schalke 04,0:2,LW,26,00:01,Header,Daniel Carvajal
412,14_15,LaLiga,24,2015-02-22,Away,RM,Elche CF,0:2,CF,69,00:02,Header,Isco
413,14_15,LaLiga,25,2015-03-01,Home,RM,Villarreal CF,1:1,CF,52,01:00,Penalty,
414,14_15,UEFA Champions League,last 16,2015-03-10,Home,RM,FC Schalke 04,3:4,CF,25,01:01,Header,Toni Kroos
415,14_15,UEFA Champions League,last 16,2015-03-10,Home,RM,FC Schalke 04,3:4,CF,45,02:02,Header,Fábio Coentrão
416,14_15,LaLiga,28,2015-03-22,Away,RM,FC Barcelona,2:1,LW,31,01:01,Right-footed shot,Karim Benzema
417,14_15,LaLiga,29,2015-04-05,Home,RM,Granada CF,9:1,CF,30,02:00,Right-footed shot,James Rodriguez
418,14_15,LaLiga,29,2015-04-05,Home,RM,Granada CF,9:1,CF,36,03:00,Right-footed shot,
419,14_15,LaLiga,29,2015-04-05,Home,RM,Granada CF,9:1,CF,38,04:00,Long distance kick,Gareth Bale
420,14_15,LaLiga,29,2015-04-05,Home,RM,Granada CF,9:1,CF,54,06:00,Header,Gareth Bale
421,14_15,LaLiga,29,2015-04-05,Home,RM,Granada CF,9:1,CF,90,09:01,Header,Luka Modric
422,14_15,LaLiga,30,2015-04-08,Away,RM,Rayo Vallecano,0:2,LW,68,00:01,Header,Daniel Carvajal
423,14_15,LaLiga,31,2015-04-11,Home,RM,SD Eibar,3:0,LW,21,01:00,Direct free kick,
424,14_15,LaLiga,32,2015-04-18,Home,RM,Malaga CF,3:1,CF,90+2,03:01,Left-footed shot,Chicharito
425,14_15,LaLiga,35,2015-05-02,Away,RM,Sevilla FC,2:3,CF,36,00:01,Header,Isco
426,14_15,LaLiga,35,2015-05-02,Away,RM,Sevilla FC,2:3,CF,37,00:02,Right-footed shot,Chicharito
427,14_15,LaLiga,35,2015-05-02,Away,RM,Sevilla FC,2:3,CF,69,01:03,Header,Gareth Bale
428,14_15,UEFA Champions League,Semi-Finals,2015-05-05,Away,RM,Juventus FC,2:1,CF,27,01:01,Header,James Rodriguez
429,14_15,UEFA Champions League,Semi-Finals,2015-05-13,Home,RM,Juventus FC,1:1,LW,23,01:00,Penalty,
430,14_15,LaLiga,37,2015-05-17,Away,RM,RCD Espanyol Barcelona,1:4,LW,59,00:01,Left-footed shot,Karim Benzema
431,14_15,LaLiga,37,2015-05-17,Away,RM,RCD Espanyol Barcelona,1:4,LW,83,01:03,Right-footed shot,Chicharito
432,14_15,LaLiga,37,2015-05-17,Away,RM,RCD Espanyol Barcelona,1:4,LW,90+1,01:04,Header,James Rodriguez
433,14_15,LaLiga,38,2015-05-23,Home,RM,Getafe CF,7:3,LW,13,01:00,Header,Marcelo
434,14_15,LaLiga,38,2015-05-23,Home,RM,Getafe CF,7:3,LW,32,02:02,Direct free kick,
435,14_15,LaLiga,38,2015-05-23,Home,RM,Getafe CF,7:3,LW,34,03:02,Penalty,
436,15_16,LaLiga,3,2015-09-12,Away,RM,RCD Espanyol Barcelona,0:6,LW,7,00:01,Right-footed shot,Luka Modric
437,15_16,LaLiga,3,2015-09-12,Away,RM,RCD Espanyol Barcelona,0:6,LW,17,00:02,Penalty,
438,15_16,LaLiga,3,2015-09-12,Away,RM,RCD Espanyol Barcelona,0:6,LW,20,00:03,Left-footed shot,Gareth Bale
439,15_16,LaLiga,3,2015-09-12,Away,RM,RCD Espanyol Barcelona,0:6,LW,62,00:05,Right-footed shot,Gareth Bale
440,15_16,LaLiga,3,2015-09-12,Away,RM,RCD Espanyol Barcelona,0:6,LW,81,00:06,Right-footed shot,Lucas Vazquez
441,15_16,UEFA Champions League,Group Stage,2015-09-15,Home,RM,Shakhtar Donetsk,4:0,LW,56,02:00,Penalty,
442,15_16,UEFA Champions League,Group Stage,2015-09-15,Home,RM,Shakhtar Donetsk,4:0,LW,64,03:00,Penalty,
443,15_16,UEFA Champions League,Group Stage,2015-09-15,Home,RM,Shakhtar Donetsk,4:0,LW,82,04:00,Header,
444,15_16,UEFA Champions League,Group Stage,2015-09-30,Away,RM,Malmö FF,0:2,LW,29,00:01,Right-footed shot,Isco
445,15_16,UEFA Champions League,Group Stage,2015-09-30,Away,RM,Malmö FF,0:2,LW,90,00:02,Left-footed shot,Lucas Vazquez
446,15_16,LaLiga,8,2015-10-17,Home,RM,Levante UD,3:0,CF,30,02:00,Right-footed shot,Toni Kroos
447,15_16,LaLiga,9,2015-10-24,Away,RM,Celta de Vigo,1:3,CF,8,00:01,Right-footed shot,Lucas Vazquez
448,15_16,LaLiga,10,2015-10-31,Home,RM,UD Las Palmas,3:1,CF,14,02:00,Header,Marcelo
449,15_16,UEFA Champions League,Group Stage,2015-11-25,Away,RM,Shakhtar Donetsk,3:4,CF,18,00:01,Header,Gareth Bale
450,15_16,UEFA Champions League,Group Stage,2015-11-25,Away,RM,Shakhtar Donetsk,3:4,CF,70,00:04,Right-footed shot,Gareth Bale
451,15_16,LaLiga,13,2015-11-29,Away,RM,SD Eibar,0:2,CF,82,00:02,Penalty,
452,15_16,LaLiga,14,2015-12-05,Home,RM,Getafe CF,4:1,LW,38,04:00,Right-footed shot,Toni Kroos
453,15_16,UEFA Champions League,Group Stage,2015-12-08,Home,RM,Malmö FF,8:0,LW,39,03:00,Direct free kick,
454,15_16,UEFA Champions League,Group Stage,2015-12-08,Home,RM,Malmö FF,8:0,LW,47,04:00,Tap-in,
455,15_16,UEFA Champions League,Group Stage,2015-12-08,Home,RM,Malmö FF,8:0,LW,50,05:00,Right-footed shot,Danilo
456,15_16,UEFA Champions League,Group Stage,2015-12-08,Home,RM,Malmö FF,8:0,LW,59,06:00,Right-footed shot,Isco
457,15_16,LaLiga,16,2015-12-20,Home,RM,Rayo Vallecano,10:2,LW,30,03:02,Penalty,
458,15_16,LaLiga,16,2015-12-20,Home,RM,Rayo Vallecano,10:2,LW,54,06:02,Header,James Rodriguez
459,15_16,LaLiga,17,2015-12-30,Home,RM,Real Sociedad,3:1,LW,42,01:00,Penalty,
460,15_16,LaLiga,17,2015-12-30,Home,RM,Real Sociedad,3:1,LW,68,02:01,Left-footed shot,Marcelo
461,15_16,LaLiga,20,2016-01-17,Home,RM,Sporting de Gijón,5:1,LW,9,02:00,Left-footed shot,Karim Benzema
462,15_16,LaLiga,20,2016-01-17,Home,RM,Sporting de Gijón,5:1,LW,18,04:00,Left-footed shot,Daniel Carvajal
463,15_16,LaLiga,22,2016-01-31,Home,RM,RCD Espanyol Barcelona,6:0,LW,12,02:00,Penalty,
464,15_16,LaLiga,22,2016-01-31,Home,RM,RCD Espanyol Barcelona,6:0,LW,45,04:00,Left-footed shot,
465,15_16,LaLiga,22,2016-01-31,Home,RM,RCD Espanyol Barcelona,6:0,LW,82,05:00,Header,Jese
466,15_16,LaLiga,24,2016-02-13,Home,RM,Athletic Bilbao,4:2,LW,3,01:00,Right-footed shot,Karim Benzema
467,15_16,LaLiga,24,2016-02-13,Home,RM,Athletic Bilbao,4:2,LW,87,04:01,Right-footed shot,Lucas Vazquez
468,15_16,UEFA Champions League,last 16,2016-02-17,Away,RM,AS Roma,0:2,LW,57,00:01,Right-footed shot,Marcelo
469,15_16,LaLiga,25,2016-02-21,Away,RM,Malaga CF,1:1,LW,33,00:01,Header,Toni Kroos
470,15_16,LaLiga,27,2016-03-02,Away,RM,Levante UD,1:3,LW,34,00:01,Penalty,
471,15_16,LaLiga,28,2016-03-05,Home,RM,Celta de Vigo,7:1,LW,50,02:00,Long distance kick,Sergio Ramos
472,15_16,LaLiga,28,2016-03-05,Home,RM,Celta de Vigo,7:1,LW,58,03:00,Direct free kick,
473,15_16,LaLiga,28,2016-03-05,Home,RM,Celta de Vigo,7:1,LW,64,04:01,Right-footed shot,Isco
474,15_16,LaLiga,28,2016-03-05,Home,RM,Celta de Vigo,7:1,LW,76,05:01,Header,Jese
475,15_16,UEFA Champions League,last 16,2016-03-08,Home,RM,AS Roma,2:0,CF,64,01:00,Right-footed shot,Lucas Vazquez
476,15_16,LaLiga,30,2016-03-20,Home,RM,Sevilla FC,4:0,LW,64,02:00,Left-footed shot,Danilo
477,15_16,LaLiga,31,2016-04-02,Away,RM,FC Barcelona,1:2,LW,85,01:02,Right-footed shot,Gareth Bale
478,15_16,LaLiga,32,2016-04-09,Home,RM,SD Eibar,4:0,CF,19,03:00,Right-footed shot,Jese
479,15_16,UEFA Champions League,Quarter-Finals,2016-04-12,Home,RM,VfL Wolfsburg,3:0,LW,16,01:00,Right-footed shot,Daniel Carvajal
480,15_16,UEFA Champions League,Quarter-Finals,2016-04-12,Home,RM,VfL Wolfsburg,3:0,LW,17,02:00,Header,Toni Kroos
481,15_16,UEFA Champions League,Quarter-Finals,2016-04-12,Home,RM,VfL Wolfsburg,3:0,LW,77,03:00,Direct free kick,
482,15_16,LaLiga,33,2016-04-16,Away,RM,Getafe CF,1:5,LW,90+2,01:05,Left-footed shot,Jese
483,15_16,LaLiga,37,2016-05-08,Home,RM,Valencia CF,3:2,LW,26,01:00,Right-footed shot,Marcelo
484,15_16,LaLiga,37,2016-05-08,Home,RM,Valencia CF,3:2,LW,59,03:01,Left-footed shot,James Rodriguez
485,15_16,LaLiga,38,2016-05-14,Away,RM,Deportivo de La Coruña,0:2,LW,8,00:01,Left-footed shot,Karim Benzema
486,15_16,LaLiga,38,2016-05-14,Away,RM,Deportivo de La Coruña,0:2,LW,25,00:02,Header,Toni Kroos
487,16_17,LaLiga,3,2016-09-10,Home,RM,CA Osasuna,5:2,LW,6,01:00,Right-footed shot,Gareth Bale
488,16_17,UEFA Champions League,Group Stage,2016-09-14,Home,RM,Sporting CP,2:1,LW,89,01:01,Direct free kick,
489,16_17,UEFA Champions League,Group Stage,2016-09-27,Away,RM,Borussia Dortmund,2:2,LW,17,00:01,Right-footed shot,Gareth Bale
490,16_17,LaLiga,8,2016-10-15,Away,RM,Real Betis Balompie,1:6,LW,78,01:06,Right-footed shot,alvaro Morata
491,16_17,LaLiga,10,2016-10-29,Away,RM,Deportivo Alaves,1:4,LW,17,01:01,Penalty,
492,16_17,LaLiga,10,2016-10-29,Away,RM,Deportivo Alaves,1:4,LW,33,01:02,Right-footed shot,Karim Benzema
493,16_17,LaLiga,10,2016-10-29,Away,RM,Deportivo Alaves,1:4,LW,88,01:04,Right-footed shot,Marcelo
494,16_17,LaLiga,12,2016-11-19,Away,RM,Atletico de Madrid,0:3,CF,23,00:01,Direct free kick,
495,16_17,LaLiga,12,2016-11-19,Away,RM,Atletico de Madrid,0:3,CF,71,00:02,Penalty,
496,16_17,LaLiga,12,2016-11-19,Away,RM,Atletico de Madrid,0:3,CF,77,00:03,Right-footed shot,Gareth Bale
497,16_17,LaLiga,13,2016-11-26,Home,RM,Sporting de Gijón,2:1,LW,5,01:00,Penalty,
498,16_17,LaLiga,13,2016-11-26,Home,RM,Sporting de Gijón,2:1,LW,18,02:00,Header,Nacho Fernandez
499,16_17,FIFA Club World Cup,Semi-Finals,2016-12-15,Away,RM,CF America,0:2,LW,90+3,00:02,Right-footed shot,James Rodriguez
500,16_17,FIFA Club World Cup,Final,2016-12-18,Home,RM,Kashima Antlers,4:2 AET,LW,60,02:02,Penalty,
501,16_17,FIFA Club World Cup,Final,2016-12-18,Home,RM,Kashima Antlers,4:2 AET,LW,97,03:02,Left-footed shot,Karim Benzema
502,16_17,FIFA Club World Cup,Final,2016-12-18,Home,RM,Kashima Antlers,4:2 AET,LW,104,04:02,Left-footed shot,Toni Kroos
503,16_17,LaLiga,17,2017-01-07,Home,RM,Granada CF,5:0,LW,27,03:00,Header,Marcelo
504,16_17,LaLiga,18,2017-01-15,Away,RM,Sevilla FC,2:1,CF,67,00:01,Penalty,
505,16_17,Copa del Rey,Quarter-Finals,2017-01-25,Away,RM,Celta de Vigo,2:2,CF,62,01:01,Direct free kick,
506,16_17,LaLiga,20,2017-01-29,Home,RM,Real Sociedad,3:0,LW,51,02:00,Right-footed shot,Mateo Kovacic
507,16_17,LaLiga,22,2017-02-11,Away,RM,CA Osasuna,1:3,CF,24,00:01,Right-footed shot,Karim Benzema
508,16_17,LaLiga,16,2017-02-22,Away,RM,Valencia CF,2:1,LW,44,02:01,Header,Marcelo
509,16_17,LaLiga,24,2017-02-26,Away,RM,Villarreal CF,2:3,LW,74,02:02,Penalty,
510,16_17,LaLiga,25,2017-03-01,Home,RM,UD Las Palmas,3:3,LW,86,02:03,Penalty,
511,16_17,LaLiga,25,2017-03-01,Home,RM,UD Las Palmas,3:3,LW,89,03:03,Header,James Rodriguez
512,16_17,LaLiga,27,2017-03-12,Home,RM,Real Betis Balompie,2:1,LW,41,01:01,Header,Marcelo
513,16_17,UEFA Champions League,Quarter-Finals,2017-04-12,Away,RM,Bayern Munich,1:2,LW,47,01:01,Right-footed shot,Daniel Carvajal
514,16_17,UEFA Champions League,Quarter-Finals,2017-04-12,Away,RM,Bayern Munich,1:2,LW,77,01:02,Right-footed shot,Marco Asensio
515,16_17,UEFA Champions League,Quarter-Finals,2017-04-18,Home,RM,Bayern Munich,4:2 AET,CF,76,01:01,Header,Casemiro
516,16_17,UEFA Champions League,Quarter-Finals,2017-04-18,Home,RM,Bayern Munich,4:2 AET,CF,105,02:02,Left-footed shot,Sergio Ramos
517,16_17,UEFA Champions League,Quarter-Finals,2017-04-18,Home,RM,Bayern Munich,4:2 AET,CF,109,03:02,Right-footed shot,Marcelo
518,16_17,LaLiga,35,2017-04-29,Home,RM,Valencia CF,2:1,LW,27,01:00,Header,Daniel Carvajal
519,16_17,UEFA Champions League,Semi-Finals,2017-05-02,Home,RM,Atletico de Madrid,3:0,CF,10,01:00,Header,Casemiro
520,16_17,UEFA Champions League,Semi-Finals,2017-05-02,Home,RM,Atletico de Madrid,3:0,CF,73,02:00,Right-footed shot,Karim Benzema
521,16_17,UEFA Champions League,Semi-Finals,2017-05-02,Home,RM,Atletico de Madrid,3:0,CF,86,03:00,Right-footed shot,Lucas Vazquez
522,16_17,LaLiga,37,2017-05-14,Home,RM,Sevilla FC,4:1,LW,23,02:00,Right-footed shot,
523,16_17,LaLiga,37,2017-05-14,Home,RM,Sevilla FC,4:1,LW,78,03:01,Left-footed shot,Toni Kroos
524,16_17,LaLiga,21,2017-05-17,Away,RM,Celta de Vigo,1:4,CF,10,00:01,Left-footed shot,
525,16_17,LaLiga,21,2017-05-17,Away,RM,Celta de Vigo,1:4,CF,48,00:02,Left-footed shot,Isco
526,16_17,LaLiga,38,2017-05-21,Away,RM,Malaga CF,0:2,CF,2,00:01,Right-footed shot,Isco
527,16_17,UEFA Champions League,Final,2017-06-03,Away,RM,Juventus FC,1:4,CF,20,00:01,Right-footed shot,Daniel Carvajal
528,16_17,UEFA Champions League,Final,2017-06-03,Away,RM,Juventus FC,1:4,CF,64,01:03,Right-footed shot,Luka Modric
529,17_18,Supercopa,final,2017-08-13,Away,RM,FC Barcelona,1:3,CF,80,01:02,Right-footed shot,Isco
530,17_18,UEFA Champions League,Group Stage,2017-09-13,Home,RM,APOEL Nicosia,3:0,CF,12,01:00,Counter attack goal,Gareth Bale
531,17_18,UEFA Champions League,Group Stage,2017-09-13,Home,RM,APOEL Nicosia,3:0,CF,51,02:00,Penalty,
532,17_18,UEFA Champions League,Group Stage,2017-09-26,Away,RM,Borussia Dortmund,1:3,CF,49,00:02,Left-footed shot,Gareth Bale
533,17_18,UEFA Champions League,Group Stage,2017-09-26,Away,RM,Borussia Dortmund,1:3,CF,79,01:03,Right-footed shot,Luka Modric
534,17_18,LaLiga,8,2017-10-14,Away,RM,Getafe CF,1:2,CF,85,01:02,Right-footed shot,Isco
535,17_18,UEFA Champions League,Group Stage,2017-10-17,Home,RM,Tottenham Hotspur,1:1,LW,43,01:01,Penalty,
536,17_18,UEFA Champions League,Group Stage,2017-11-01,Away,RM,Tottenham Hotspur,3:1,LW,80,03:01,Right-footed shot,Borja Mayoral
537,17_18,UEFA Champions League,Group Stage,2017-11-21,Away,RM,APOEL Nicosia,0:6,LW,49,00:05,Header,Marcelo
538,17_18,UEFA Champions League,Group Stage,2017-11-21,Away,RM,APOEL Nicosia,0:6,LW,54,00:06,Left-footed shot,
539,17_18,LaLiga,13,2017-11-25,Home,RM,Malaga CF,3:2,CF,76,03:02,Penalty rebound,
540,17_18,UEFA Champions League,Group Stage,2017-12-06,Home,RM,Borussia Dortmund,3:2,LW,12,02:00,Right-footed shot,Mateo Kovacic
541,17_18,LaLiga,15,2017-12-09,Home,RM,Sevilla FC,5:0,CF,23,02:00,Right-footed shot,Marco Asensio
542,17_18,LaLiga,15,2017-12-09,Home,RM,Sevilla FC,5:0,CF,31,03:00,Penalty,
543,17_18,FIFA Club World Cup,Semi-Finals,2017-12-13,Away,RM,Al-Jazira (Abu Dhabi),1:2,LW,53,01:01,Right-footed shot,Luka Modric
544,17_18,FIFA Club World Cup,Final,2017-12-16,Home,RM,Grêmio Foot-Ball Porto Alegrense,1:0,LW,53,01:00,Direct free kick,
545,17_18,LaLiga,20,2018-01-21,Home,RM,Deportivo de La Coruña,7:1,LW,78,05:01,Left-footed shot,Casemiro
546,17_18,LaLiga,20,2018-01-21,Home,RM,Deportivo de La Coruña,7:1,LW,84,06:01,Header,Lucas Vazquez
547,17_18,LaLiga,21,2018-01-27,Away,RM,Valencia CF,1:4,LW,16,00:01,Penalty,
548,17_18,LaLiga,21,2018-01-27,Away,RM,Valencia CF,1:4,LW,38,00:02,Penalty,
549,17_18,LaLiga,23,2018-02-10,Home,RM,Real Sociedad,5:2,CF,27,02:00,Right-footed shot,Marcelo
550,17_18,LaLiga,23,2018-02-10,Home,RM,Real Sociedad,5:2,CF,37,04:00,Header,Luka Modric
551,17_18,LaLiga,23,2018-02-10,Home,RM,Real Sociedad,5:2,CF,80,05:01,Tap-in,
552,17_18,UEFA Champions League,last 16,2018-02-14,Home,RM,Paris Saint-Germain,3:1,LW,45,01:01,Penalty,
553,17_18,UEFA Champions League,last 16,2018-02-14,Home,RM,Paris Saint-Germain,3:1,LW,83,02:01,Tap-in,
554,17_18,LaLiga,24,2018-02-18,Away,RM,Real Betis Balompie,3:5,CF,65,02:04,Right-footed shot,Casemiro
555,17_18,LaLiga,25,2018-02-24,Home,RM,Deportivo Alaves,4:0,CF,44,01:00,Left-footed shot,Karim Benzema
556,17_18,LaLiga,25,2018-02-24,Home,RM,Deportivo Alaves,4:0,CF,61,03:00,Right-footed shot,Lucas Vazquez
557,17_18,LaLiga,27,2018-03-03,Home,RM,Getafe CF,3:1,CF,45+1,02:00,Left-footed shot,Karim Benzema
558,17_18,LaLiga,27,2018-03-03,Home,RM,Getafe CF,3:1,CF,78,03:01,Header,Marcelo
559,17_18,UEFA Champions League,last 16,2018-03-06,Away,RM,Paris Saint-Germain,1:2,CF,51,00:01,Header,Lucas Vazquez
560,17_18,LaLiga,28,2018-03-10,Away,RM,SD Eibar,1:2,CF,33,00:01,Right-footed shot,Luka Modric
561,17_18,LaLiga,28,2018-03-10,Away,RM,SD Eibar,1:2,CF,84,01:02,Header,Daniel Carvajal
562,17_18,LaLiga,29,2018-03-18,Home,RM,Girona FC,6:3,CF,11,01:00,Left-footed shot,Toni Kroos
563,17_18,LaLiga,29,2018-03-18,Home,RM,Girona FC,6:3,CF,47,02:01,Left-footed shot,Karim Benzema
564,17_18,LaLiga,29,2018-03-18,Home,RM,Girona FC,6:3,CF,64,04:01,Tap-in,
565,17_18,LaLiga,29,2018-03-18,Home,RM,Girona FC,6:3,CF,90+1,06:03,Right-footed shot,Toni Kroos
566,17_18,UEFA Champions League,Quarter-Finals,2018-04-03,Away,RM,Juventus FC,0:3,CF,3,00:01,Right-footed shot,Isco
567,17_18,UEFA Champions League,Quarter-Finals,2018-04-03,Away,RM,Juventus FC,0:3,CF,64,00:02,Right-footed shot,Daniel Carvajal
568,17_18,LaLiga,31,2018-04-08,Home,RM,Atletico de Madrid,1:1,CF,53,01:00,Right-footed shot,Gareth Bale
569,17_18,UEFA Champions League,Quarter-Finals,2018-04-11,Home,RM,Juventus FC,1:3,CF,90+7,01:03,Penalty,
570,17_18,LaLiga,33,2018-04-18,Home,RM,Athletic Bilbao,1:1,CF,87,01:01,Right-footed shot,Luka Modric
571,17_18,LaLiga,36,2018-05-06,Away,RM,FC Barcelona,2:2,LW,14,01:01,Right-footed shot,Karim Benzema
572,17_18,LaLiga,38,2018-05-19,Away,RM,Villarreal CF,2:2,CF,32,00:02,Header,Marcelo
573,18_19,Serie A,4,2018-09-16,Home,Juv,US Sassuolo,2:1,CF,50,01:00,Tap-in,
574,18_19,Serie A,4,2018-09-16,Home,Juv,US Sassuolo,2:1,CF,65,02:00,Left-footed shot,Emre Can
575,18_19,Serie A,5,2018-09-23,Away,Juv,Frosinone Calcio,0:2,LW,81,00:01,Left-footed shot,
576,18_19,Serie A,8,2018-10-06,Away,Juv,Udinese Calcio,0:2,LW,37,00:02,Left-footed shot,Mario Mandzukic
577,18_19,Serie A,9,2018-10-20,Home,Juv,Genoa CFC,1:1,LW,18,01:00,Tap-in,
578,18_19,Serie A,10,2018-10-27,Away,Juv,Empoli FC ,1:2,CF,54,01:01,Penalty,
579,18_19,Serie A,10,2018-10-27,Away,Juv,Empoli FC ,1:2,CF,70,01:02,Right-footed shot,Blaise Matuidi
580,18_19,UEFA Champions League,Group Stage,2018-11-07,Home,Juv,Manchester United,1:2,CF,65,01:00,Right-footed shot,Leonardo Bonucci
581,18_19,Serie A,12,2018-11-11,Away,Juv,AC Milan,0:2,LW,81,00:02,Tap-in,
582,18_19,Serie A,13,2018-11-24,Home,Juv,SPAL,2:0,CF,29,01:00,Left-footed shot,Miralem Pjanic
583,18_19,Serie A,14,2018-12-01,Away,Juv,ACF Fiorentina,0:3,LW,79,00:03,Penalty,
584,18_19,Serie A,16,2018-12-15,Away,Juv,Torino FC,0:1,LW,70,00:01,Penalty,
585,18_19,Serie A,18,2018-12-26,Away,Juv,Atalanta BC,2:2,CF,78,02:02,Header,Giorgio Chiellini
586,18_19,Serie A,19,2018-12-29,Home,Juv,UC Sampdoria,2:1,LW,2,01:00,Right-footed shot,Paulo Dybala
587,18_19,Serie A,19,2018-12-29,Home,Juv,UC Sampdoria,2:1,LW,65,02:01,Penalty,
588,18_19,Supercoppa Italiana,Final,2019-01-16,Home,Juv,AC Milan,1:0,LW,61,01:00,Header,Miralem Pjanic
589,18_19,Serie A,21,2019-01-27,Away,Juv,SS Lazio,1:2,LW,88,01:02,Penalty,
590,18_19,Serie A,22,2019-02-02,Home,Juv,Parma Calcio 1913,3:3,LW,36,01:00,Right-footed shot,Blaise Matuidi
591,18_19,Serie A,22,2019-02-02,Home,Juv,Parma Calcio 1913,3:3,LW,66,03:01,Header,Mario Mandzukic
592,18_19,Serie A,23,2019-02-10,Away,Juv,US Sassuolo,0:3,LW,70,00:02,Header,Miralem Pjanic
593,18_19,Serie A,24,2019-02-15,Home,Juv,Frosinone Calcio,3:0,LW,63,03:00,Right-footed shot,Mario Mandzukic
594,18_19,UEFA Champions League,last 16,2019-03-12,Home,Juv,Atletico de Madrid,3:0,CF,27,01:00,Header,Federico Bernardeschi
595,18_19,UEFA Champions League,last 16,2019-03-12,Home,Juv,Atletico de Madrid,3:0,CF,49,02:00,Header,José Callejón
596,18_19,UEFA Champions League,last 16,2019-03-12,Home,Juv,Atletico de Madrid,3:0,CF,86,03:00,Penalty,
597,18_19,UEFA Champions League,Quarter-Finals,2019-04-10,Away,Juv,Ajax Amsterdam,1:1,LW,45,00:01,Header,José Callejón
598,18_19,UEFA Champions League,Quarter-Finals,2019-04-16,Home,Juv,Ajax Amsterdam,1:2,LW,28,01:00,Header,Miralem Pjanic
599,18_19,Serie A,34,2019-04-27,Away,Juv,Inter Milan,1:1,CF,62,01:01,Left-footed shot,Miralem Pjanic
600,18_19,Serie A,35,2019-05-03,Home,Juv,Torino FC,1:1,CF,84,01:01,Header,Leonardo Spinazzola
601,19_20,Serie A,2,2019-08-31,Home,Juv,SSC Napoli,4:3,LW,62,03:00,Left-footed shot,Douglas Costa
602,19_20,Serie A,4,2019-09-21,Home,Juv,Hellas Verona,2:1,LW,49,02:01,Penalty,
603,19_20,Serie A,6,2019-09-28,Home,Juv,SPAL,2:0,CF,78,02:00,Header,Paulo Dybala
604,19_20,UEFA Champions League,Group Stage,2019-10-01,Home,Juv,Bayer 04 Leverkusen,3:0,CF,89,03:00,Right-footed shot,Paulo Dybala
605,19_20,Serie A,8,2019-10-19,Home,Juv,Bologna FC 1909,2:1,CF,19,01:00,Right-footed shot,
606,19_20,Serie A,10,2019-10-30,Home,Juv,Genoa CFC,2:1,CF,90+6,02:01,Penalty,
607,19_20,Serie A,14,2019-12-01,Home,Juv,US Sassuolo,2:2,CF,68,02:02,Penalty,
608,19_20,Serie A,15,2019-12-07,Away,Juv,SS Lazio,3:1,CF,25,00:01,Tap-in,Rodrigo Bentancur
609,19_20,UEFA Champions League,Group Stage,2019-12-11,Away,Juv,Bayer 04 Leverkusen,0:2,CF,75,00:01,Right-footed shot,Paulo Dybala
610,19_20,Serie A,16,2019-12-15,Home,Juv,Udinese Calcio,3:1,CF,9,01:00,Right-footed shot,
611,19_20,Serie A,16,2019-12-15,Home,Juv,Udinese Calcio,3:1,CF,37,02:00,Left-footed shot,Gonzalo Higuain
612,19_20,Serie A,17,2019-12-18,Away,Juv,UC Sampdoria,1:2,LW,45,01:02,Header,Alex Sandro
613,19_20,Serie A,18,2020-01-06,Home,Juv,Cagliari Calcio,4:0,CF,49,01:00,Right-footed shot,
614,19_20,Serie A,18,2020-01-06,Home,Juv,Cagliari Calcio,4:0,CF,67,02:00,Penalty,
615,19_20,Serie A,18,2020-01-06,Home,Juv,Cagliari Calcio,4:0,CF,82,04:00,Left-footed shot,Douglas Costa
616,19_20,Serie A,19,2020-01-12,Away,Juv,AS Roma,1:2,CF,10,00:02,Penalty,
617,19_20,Serie A,20,2020-01-19,Home,Juv,Parma Calcio 1913,2:1,CF,43,01:00,Deflected shot on goal,Blaise Matuidi
618,19_20,Serie A,20,2020-01-19,Home,Juv,Parma Calcio 1913,2:1,CF,58,02:01,Right-footed shot,Paulo Dybala
619,19_20,Italy Cup,Quarter-Finals,2020-01-22,Home,Juv,AS Roma,3:1,LW,26,01:00,Left-footed shot,Gonzalo Higuain
620,19_20,Serie A,21,2020-01-26,Away,Juv,SSC Napoli,2:1,LW,90,02:01,Right-footed shot,Rodrigo Bentancur
621,19_20,Serie A,22,2020-02-02,Home,Juv,ACF Fiorentina,3:0,LW,40,01:00,Penalty,
622,19_20,Serie A,22,2020-02-02,Home,Juv,ACF Fiorentina,3:0,LW,80,02:00,Penalty,
623,19_20,Serie A,23,2020-02-08,Away,Juv,Hellas Verona,2:1,LW,65,00:01,Right-footed shot,Rodrigo Bentancur
624,19_20,Italy Cup,Semi-Finals,2020-02-13,Away,Juv,AC Milan,1:1,LW,90+1,01:01,Penalty,
625,19_20,Serie A,25,2020-02-22,Away,Juv,SPAL,1:2,LW,39,00:01,Tap-in,Juan Cuadrado
626,19_20,Serie A,27,2020-06-22,Away,Juv,Bologna FC 1909,0:2,LW,23,00:01,Penalty,
627,19_20,Serie A,28,2020-06-26,Home,Juv,US Lecce,4:0,LW,62,02:00,Penalty,
628,19_20,Serie A,29,2020-06-30,Away,Juv,Genoa CFC,1:3,LW,56,00:02,Long distance kick,Miralem Pjanic
629,19_20,Serie A,30,2020-07-04,Home,Juv,Torino FC,4:1,LW,61,03:01,Direct free kick,
630,19_20,Serie A,31,2020-07-07,Away,Juv,AC Milan,4:2,LW,53,00:02,Left-footed shot,Juan Cuadrado
631,19_20,Serie A,32,2020-07-11,Home,Juv,Atalanta BC,2:2,LW,55,01:01,Penalty,
632,19_20,Serie A,32,2020-07-11,Home,Juv,Atalanta BC,2:2,LW,90,02:02,Penalty,
633,19_20,Serie A,34,2020-07-20,Home,Juv,SS Lazio,2:1,LW,51,01:00,Penalty,
634,19_20,Serie A,34,2020-07-20,Home,Juv,SS Lazio,2:1,LW,54,02:00,Counter attack goal,Paulo Dybala
635,19_20,Serie A,36,2020-07-26,Home,Juv,UC Sampdoria,2:0,LW,45+7,01:00,Right-footed shot,Miralem Pjanic
636,19_20,UEFA Champions League,last 16,2020-08-07,Home,Juv,Olympique Lyon,2:1,LW,43,01:01,Penalty,
637,19_20,UEFA Champions League,last 16,2020-08-07,Home,Juv,Olympique Lyon,2:1,LW,60,02:01,Left-footed shot,Federico Bernardeschi
638,20_21,Serie A,1,2020-09-20,Home,Juv,UC Sampdoria,3:0,CF,88,03:00,Right-footed shot,Aaron Ramsey
639,20_21,Serie A,2,2020-09-27,Away,Juv,AS Roma,2:2,CF,44,01:01,Penalty,
640,20_21,Serie A,2,2020-09-27,Away,Juv,AS Roma,2:2,CF,69,02:02,Header,Danilo
641,20_21,Serie A,6,2020-11-01,Away,Juv,Spezia Calcio,1:4,CF,59,01:02,Right-footed shot,alvaro Morata
642,20_21,Serie A,6,2020-11-01,Away,Juv,Spezia Calcio,1:4,CF,76,01:04,Penalty,
643,20_21,Serie A,7,2020-11-08,Away,Juv,SS Lazio,1:1,LW,15,00:01,Right-footed shot,Juan Cuadrado
644,20_21,Serie A,8,2020-11-21,Home,Juv,Cagliari Calcio,2:0,CF,38,01:00,Right-footed shot,alvaro Morata
645,20_21,Serie A,8,2020-11-21,Home,Juv,Cagliari Calcio,2:0,CF,42,02:00,Right-footed shot,Merih Demiral
646,20_21,UEFA Champions League,Group Stage,2020-11-24,Home,Juv,Ferencvarosi TC,2:1,CF,35,01:01,Left-footed shot,Juan Cuadrado
647,20_21,UEFA Champions League,Group Stage,2020-12-02,Home,Juv,Dynamo Kyiv,3:0,CF,57,02:00,Right-footed shot,alvaro Morata
648,20_21,UEFA Champions League,Group Stage,2020-12-08,Away,Juv,FC Barcelona,0:3,CF,13,00:01,Penalty,
649,20_21,UEFA Champions League,Group Stage,2020-12-08,Away,Juv,FC Barcelona,0:3,CF,52,00:03,Penalty,
650,20_21,Serie A,11,2020-12-13,Away,Juv,Genoa CFC,1:3,CF,78,01:02,Penalty,
651,20_21,Serie A,11,2020-12-13,Away,Juv,Genoa CFC,1:3,CF,89,01:03,Penalty,
652,20_21,Serie A,13,2020-12-19,Away,Juv,Parma Calcio 1913,0:4,CF,26,00:02,Header,alvaro Morata
653,20_21,Serie A,13,2020-12-19,Away,Juv,Parma Calcio 1913,0:4,CF,48,00:03,Left-footed shot,Aaron Ramsey
654,20_21,Serie A,15,2021-01-03,Home,Juv,Udinese Calcio,4:1,CF,31,01:00,Right-footed shot,Aaron Ramsey
655,20_21,Serie A,15,2021-01-03,Home,Juv,Udinese Calcio,4:1,CF,70,03:00,Left-footed shot,Rodrigo Bentancur
656,20_21,Serie A,17,2021-01-10,Home,Juv,US Sassuolo,3:1,CF,90+2,03:01,Right-footed shot,Danilo
657,20_21,Supercoppa Italiana,Final,2021-01-20,Home,Juv,SSC Napoli,2:0,CF,64,01:00,Tap-in,
658,20_21,Italy Cup,Semi-Finals,2021-02-02,Away,Juv,Inter Milan,1:2,CF,26,01:01,Penalty,
659,20_21,Italy Cup,Semi-Finals,2021-02-02,Away,Juv,Inter Milan,1:2,CF,35,01:02,Left-footed shot,
660,20_21,Serie A,21,2021-02-06,Home,Juv,AS Roma,2:0,CF,13,01:00,Left-footed shot,alvaro Morata
661,20_21,Serie A,23,2021-02-22,Home,Juv,FC Crotone,3:0,CF,38,01:00,Header,Alex Sandro
662,20_21,Serie A,23,2021-02-22,Home,Juv,FC Crotone,3:0,CF,45+1,02:00,Header,Aaron Ramsey
663,20_21,Serie A,24,2021-02-27,Away,Juv,Hellas Verona,1:1,CF,49,00:01,Right-footed shot,Federico Chiesa
664,20_21,Serie A,25,2021-03-02,Home,Juv,Spezia Calcio,3:0,CF,89,03:00,Counter attack goal,Rodrigo Bentancur
665,20_21,Serie A,27,2021-03-14,Away,Juv,Cagliari Calcio,1:3,CF,10,00:01,Header,Juan Cuadrado
666,20_21,Serie A,27,2021-03-14,Away,Juv,Cagliari Calcio,1:3,CF,25,00:02,Penalty,
667,20_21,Serie A,27,2021-03-14,Away,Juv,Cagliari Calcio,1:3,CF,32,00:03,Left-footed shot,Federico Chiesa
668,20_21,Serie A,29,2021-04-03,Away,Juv,Torino FC,2:2,CF,79,02:02,Header,Giorgio Chiellini
669,20_21,Serie A,3,2021-04-07,Home,Juv,SSC Napoli,2:1,CF,13,01:00,Right-footed shot,Federico Chiesa
670,20_21,Serie A,34,2021-05-02,Away,Juv,Udinese Calcio,1:2,CF,83,01:01,Penalty,
671,20_21,Serie A,34,2021-05-02,Away,Juv,Udinese Calcio,1:2,CF,89,01:02,Header,Adrien Rabiot
672,20_21,Serie A,36,2021-05-12,Away,Juv,US Sassuolo,1:3,CF,45,00:02,Left-footed shot,
673,20_21,Serie A,37,2021-05-15,Home,Juv,Inter Milan,3:2,CF,24,01:00,Penalty rebound,
674,21_22,Premier League,4,2021-09-11,Home,Man.United,Newcastle United,4:1,CF,45+2,01:00,Tap-in,
675,21_22,Premier League,4,2021-09-11,Home,Man.United,Newcastle United,4:1,CF,62,02:01,Left-footed shot,Luke Shaw
676,21_22,UEFA Champions League,Group Stage,2021-09-14,Away,Man.United,BSC Young Boys,2:1,CF,13,00:01,Right-footed shot,Bruno Fernandes
677,21_22,Premier League,5,2021-09-19,Away,Man.United,West Ham United,1:2,CF,35,01:01,Right-footed shot,
678,21_22,UEFA Champions League,Group Stage,2021-09-29,Home,Man.United,Villarreal CF,2:1,CF,90+5,02:01,Right-footed shot,Jesse Lingard
679,21_22,UEFA Champions League,Group Stage,2021-10-20,Home,Man.United,Atalanta BC,3:2,CF,81,03:02,Header,Luke Shaw
680,21_22,Premier League,10,2021-10-30,Away,Man.United,Tottenham Hotspur,0:3,CF,39,00:01,Right-footed shot,Bruno Fernandes
681,21_22,UEFA Champions League,Group Stage,2021-11-02,Away,Man.United,Atalanta BC,2:2,CF,45+1,01:01,Right-footed shot,Bruno Fernandes
682,21_22,UEFA Champions League,Group Stage,2021-11-02,Away,Man.United,Atalanta BC,2:2,CF,90+1,02:02,Right-footed shot,Mason Greenwood
683,21_22,UEFA Champions League,Group Stage,2021-11-23,Away,Man.United,Villarreal CF,0:2,CF,78,00:01,Right-footed shot,
684,21_22,Premier League,14,2021-12-02,Home,Man.United,Arsenal FC,3:2,CF,52,02:01,Right-footed shot,Marcus Rashford
685,21_22,Premier League,14,2021-12-02,Home,Man.United,Arsenal FC,3:2,CF,70,03:02,Penalty,
686,21_22,Premier League,16,2021-12-11,Away,Man.United,Norwich City,0:1,CF,75,00:01,Penalty,
687,21_22,Premier League,20,2021-12-30,Home,Man.United,Burnley FC,3:1,CF,35,03:00,Right-footed shot,
688,21_22,Premier League,18,2022-02-15,Home,Man.United,Brighton & Hove Albion,2:0,CF,51,01:00,Right-footed shot,Scott McTominay
689,21_22,Premier League,29,2022-03-12,Home,Man.United,Tottenham Hotspur,3:2,CF,12,01:00,Right-footed shot,Fred
690,21_22,Premier League,29,2022-03-12,Home,Man.United,Tottenham Hotspur,3:2,CF,38,02:01,Right-footed shot,Jadon Sancho
691,21_22,Premier League,29,2022-03-12,Home,Man.United,Tottenham Hotspur,3:2,CF,81,03:02,Header,Alex Telles
692,21_22,Premier League,33,2022-04-16,Home,Man.United,Norwich City,3:2,CF,7,01:00,Right-footed shot,Anthony Elanga
693,21_22,Premier League,33,2022-04-16,Home,Man.United,Norwich City,3:2,CF,32,02:00,Header,Alex Telles
694,21_22,Premier League,33,2022-04-16,Home,Man.United,Norwich City,3:2,CF,76,03:02,Direct free kick,
695,21_22,Premier League,34,2022-04-23,Away,Man.United,Arsenal FC,3:1,CF,34,02:01,Left-footed shot,Nemanja Matić
696,21_22,Premier League,37,2022-04-28,Home,Man.United,Chelsea FC,1:1,CF,62,01:01,Right-footed shot,Nemanja Matić
697,21_22,Premier League,35,2022-05-02,Home,Man.United,Brentford FC,3:0,CF,61,02:00,Penalty,
